[0.000000] (-) TimerEvent: {}
[0.000235] (robot_controller) JobQueued: {'identifier': 'robot_controller', 'dependencies': OrderedDict()}
[0.000327] (robot_msgs) JobQueued: {'identifier': 'robot_msgs', 'dependencies': OrderedDict()}
[0.000359] (robot_controller) JobStarted: {'identifier': 'robot_controller'}
[0.004748] (robot_msgs) JobStarted: {'identifier': 'robot_msgs'}
[0.099490] (-) TimerEvent: {}
[0.199829] (-) TimerEvent: {}
[0.204244] (robot_msgs) JobProgress: {'identifier': 'robot_msgs', 'progress': 'cmake'}
[0.204536] (robot_msgs) Command: {'cmd': ['/usr/bin/cmake', '/home/g83r/Desktop/uga/hero-lab/heroswarmv2/ROS2/humble_ws/src/robot_msgs', '-DCMAKE_INSTALL_PREFIX=/home/g83r/Desktop/uga/hero-lab/heroswarmv2/ROS2/humble_ws/install/robot_msgs'], 'cwd': '/home/g83r/Desktop/uga/hero-lab/heroswarmv2/ROS2/humble_ws/build/robot_msgs', 'env': OrderedDict([('LESSOPEN', '| /usr/bin/lesspipe %s'), ('HISTFILESIZE', '2147450879'), ('USER', 'g83r'), ('PAM_KWALLET5_LOGIN', '/run/user/1000/kwallet5.socket'), ('XDG_SESSION_TYPE', 'wayland'), ('SHLVL', '1'), ('LD_LIBRARY_PATH', '/opt/ros/humble/opt/rviz_ogre_vendor/lib:/opt/ros/humble/lib/x86_64-linux-gnu:/opt/ros/humble/lib'), ('LESS', '-R'), ('HOME', '/home/g83r'), ('OLDPWD', '/home/g83r/Desktop/uga/hero-lab/heroswarmv2/ROS2/humble_ws/src'), ('DESKTOP_SESSION', 'ubuntu'), ('LSCOLORS', 'Gxfxcxdxdxegedabagacad'), ('ROS_PYTHON_VERSION', '3'), ('GNOME_SHELL_SESSION_MODE', 'ubuntu'), ('GTK_MODULES', 'gail:atk-bridge:appmenu-gtk-module'), ('XDG_SEAT_PATH', '/org/freedesktop/DisplayManager/Seat0'), ('PAGER', 'less'), ('SYSTEMD_EXEC_PID', '2945'), ('IM_CONFIG_CHECK_ENV', '1'), ('DBUS_SESSION_BUS_ADDRESS', 'unix:path=/run/user/1000/bus'), ('COLORTERM', 'truecolor'), ('CL_PATH', '/usr/include/CL/'), ('IM_CONFIG_PHASE', '1'), ('WAYLAND_DISPLAY', 'wayland-0'), ('ROS_DISTRO', 'humble'), ('LOGNAME', 'g83r'), ('OSH', '/home/g83r/.oh-my-bash'), ('_', '/usr/bin/colcon'), ('ROS_VERSION', '2'), ('XDG_SESSION_CLASS', 'user'), ('STM32_PRG_PATH', '/home/g83r/Downloads/apps/STM32Cube-Programmer/bin'), ('TERM', 'xterm-256color'), ('GNOME_DESKTOP_SESSION_ID', 'this-is-deprecated'), ('ROS_LOCALHOST_ONLY', '0'), ('IDF_PATH', '/home/g83r/Desktop/mbed/esp/esp-idf'), ('PATH', '/opt/ros/humble/bin:/home/g83r/.local/bin:/home/g83r/.local/bin:/home/g83r/.cargo/bin:/home/g83r/.local/bin:/usr/local/sbin:/usr/local/bin:/usr/sbin:/usr/bin:/sbin:/bin:/usr/games:/usr/local/games:/snap/bin:/usr/local/STMicroelectronics/STM32Cube/STM32CubeProgrammer/bin/:/opt/nvim-linux64/bin:/path/to/vcpkg'), ('SESSION_MANAGER', 'local/Cipactli:@/tmp/.ICE-unix/2482,unix/Cipactli:/tmp/.ICE-unix/2482'), ('XDG_SESSION_PATH', '/org/freedesktop/DisplayManager/Session1'), ('XDG_MENU_PREFIX', 'gnome-'), ('GNOME_TERMINAL_SCREEN', '/org/gnome/Terminal/screen/ada7a0d0_f1ae_4383_8690_cd9d7b8e4514'), ('GNOME_SETUP_DISPLAY', ':2'), ('XDG_RUNTIME_DIR', '/run/user/1000'), ('DISPLAY', ':1'), ('HISTSIZE', '2147450879'), ('LANG', 'en_US.UTF-8'), ('XDG_CURRENT_DESKTOP', 'ubuntu:GNOME'), ('XMODIFIERS', '@im=ibus'), ('XDG_SESSION_DESKTOP', 'ubuntu:GNOME'), ('XAUTHORITY', '/run/user/1000/.mutter-Xwaylandauth.0GEEY2'), ('LS_COLORS', 'rs=0:di=01;34:ln=01;36:mh=00:pi=40;33:so=01;35:do=01;35:bd=40;33;01:cd=40;33;01:or=40;31;01:mi=00:su=37;41:sg=30;43:ca=30;41:tw=30;42:ow=34;42:st=37;44:ex=01;32:*.tar=01;31:*.tgz=01;31:*.arc=01;31:*.arj=01;31:*.taz=01;31:*.lha=01;31:*.lz4=01;31:*.lzh=01;31:*.lzma=01;31:*.tlz=01;31:*.txz=01;31:*.tzo=01;31:*.t7z=01;31:*.zip=01;31:*.z=01;31:*.dz=01;31:*.gz=01;31:*.lrz=01;31:*.lz=01;31:*.lzo=01;31:*.xz=01;31:*.zst=01;31:*.tzst=01;31:*.bz2=01;31:*.bz=01;31:*.tbz=01;31:*.tbz2=01;31:*.tz=01;31:*.deb=01;31:*.rpm=01;31:*.jar=01;31:*.war=01;31:*.ear=01;31:*.sar=01;31:*.rar=01;31:*.alz=01;31:*.ace=01;31:*.zoo=01;31:*.cpio=01;31:*.7z=01;31:*.rz=01;31:*.cab=01;31:*.wim=01;31:*.swm=01;31:*.dwm=01;31:*.esd=01;31:*.jpg=01;35:*.jpeg=01;35:*.mjpg=01;35:*.mjpeg=01;35:*.gif=01;35:*.bmp=01;35:*.pbm=01;35:*.pgm=01;35:*.ppm=01;35:*.tga=01;35:*.xbm=01;35:*.xpm=01;35:*.tif=01;35:*.tiff=01;35:*.png=01;35:*.svg=01;35:*.svgz=01;35:*.mng=01;35:*.pcx=01;35:*.mov=01;35:*.mpg=01;35:*.mpeg=01;35:*.m2v=01;35:*.mkv=01;35:*.webm=01;35:*.webp=01;35:*.ogm=01;35:*.mp4=01;35:*.m4v=01;35:*.mp4v=01;35:*.vob=01;35:*.qt=01;35:*.nuv=01;35:*.wmv=01;35:*.asf=01;35:*.rm=01;35:*.rmvb=01;35:*.flc=01;35:*.avi=01;35:*.fli=01;35:*.flv=01;35:*.gl=01;35:*.dl=01;35:*.xcf=01;35:*.xwd=01;35:*.yuv=01;35:*.cgm=01;35:*.emf=01;35:*.ogv=01;35:*.ogx=01;35:*.aac=00;36:*.au=00;36:*.flac=00;36:*.m4a=00;36:*.mid=00;36:*.midi=00;36:*.mka=00;36:*.mp3=00;36:*.mpc=00;36:*.ogg=00;36:*.ra=00;36:*.wav=00;36:*.oga=00;36:*.opus=00;36:*.spx=00;36:*.xspf=00;36:'), ('GNOME_TERMINAL_SERVICE', ':1.140'), ('SSH_AGENT_LAUNCHER', 'gnome-keyring'), ('SSH_AUTH_SOCK', '/run/user/1000/keyring/ssh'), ('AMENT_PREFIX_PATH', '/opt/ros/humble'), ('SHELL', '/bin/bash'), ('QT_ACCESSIBILITY', '1'), ('LESSCLOSE', '/usr/bin/lesspipe %s %s'), ('QT_IM_MODULE', 'ibus'), ('ZEPHYR_SDK_INSTALL_DIR', '/opt/zephyr-sdk-0.16.8'), ('PWD', '/home/g83r/Desktop/uga/hero-lab/heroswarmv2/ROS2/humble_ws/build/robot_msgs'), ('LC_ALL', 'en_US.UTF-8'), ('XDG_CONFIG_DIRS', '/etc/xdg/xdg-ubuntu:/etc/xdg'), ('PICO_SDK_PATH', '/home/g83r/Desktop/mbed/pico-sdk'), ('XDG_DATA_DIRS', '/usr/share/ubuntu:/usr/local/share:/usr/share:/var/lib/snapd/desktop'), ('PYTHONPATH', '/opt/ros/humble/lib/python3.10/site-packages:/opt/ros/humble/local/lib/python3.10/dist-packages'), ('COLCON', '1'), ('VTE_VERSION', '6800'), ('CMAKE_PREFIX_PATH', '/opt/ros/humble')]), 'shell': False}
[0.280056] (robot_msgs) StdoutLine: {'line': b'-- The C compiler identification is GNU 11.4.0\n'}
[0.299942] (-) TimerEvent: {}
[0.400248] (-) TimerEvent: {}
[0.466798] (robot_msgs) StdoutLine: {'line': b'-- The CXX compiler identification is Clang 14.0.0\n'}
[0.474716] (robot_controller) Command: {'cmd': ['/usr/bin/python3', '-W', 'ignore:setup.py install is deprecated', '-W', 'ignore:easy_install command is deprecated', 'setup.py', 'egg_info', '--egg-base', '../../build/robot_controller', 'build', '--build-base', '/home/g83r/Desktop/uga/hero-lab/heroswarmv2/ROS2/humble_ws/build/robot_controller/build', 'install', '--record', '/home/g83r/Desktop/uga/hero-lab/heroswarmv2/ROS2/humble_ws/build/robot_controller/install.log', '--single-version-externally-managed', 'install_data'], 'cwd': '/home/g83r/Desktop/uga/hero-lab/heroswarmv2/ROS2/humble_ws/src/robot_controller', 'env': {'LESSOPEN': '| /usr/bin/lesspipe %s', 'HISTFILESIZE': '2147450879', 'USER': 'g83r', 'PAM_KWALLET5_LOGIN': '/run/user/1000/kwallet5.socket', 'XDG_SESSION_TYPE': 'wayland', 'SHLVL': '1', 'LD_LIBRARY_PATH': '/opt/ros/humble/opt/rviz_ogre_vendor/lib:/opt/ros/humble/lib/x86_64-linux-gnu:/opt/ros/humble/lib', 'LESS': '-R', 'HOME': '/home/g83r', 'OLDPWD': '/home/g83r/Desktop/uga/hero-lab/heroswarmv2/ROS2/humble_ws/src', 'DESKTOP_SESSION': 'ubuntu', 'LSCOLORS': 'Gxfxcxdxdxegedabagacad', 'ROS_PYTHON_VERSION': '3', 'GNOME_SHELL_SESSION_MODE': 'ubuntu', 'GTK_MODULES': 'gail:atk-bridge:appmenu-gtk-module', 'XDG_SEAT_PATH': '/org/freedesktop/DisplayManager/Seat0', 'PAGER': 'less', 'SYSTEMD_EXEC_PID': '2945', 'IM_CONFIG_CHECK_ENV': '1', 'DBUS_SESSION_BUS_ADDRESS': 'unix:path=/run/user/1000/bus', 'COLORTERM': 'truecolor', 'CL_PATH': '/usr/include/CL/', 'IM_CONFIG_PHASE': '1', 'WAYLAND_DISPLAY': 'wayland-0', 'ROS_DISTRO': 'humble', 'LOGNAME': 'g83r', 'OSH': '/home/g83r/.oh-my-bash', '_': '/usr/bin/colcon', 'ROS_VERSION': '2', 'XDG_SESSION_CLASS': 'user', 'STM32_PRG_PATH': '/home/g83r/Downloads/apps/STM32Cube-Programmer/bin', 'TERM': 'xterm-256color', 'GNOME_DESKTOP_SESSION_ID': 'this-is-deprecated', 'ROS_LOCALHOST_ONLY': '0', 'IDF_PATH': '/home/g83r/Desktop/mbed/esp/esp-idf', 'PATH': '/opt/ros/humble/bin:/home/g83r/.local/bin:/home/g83r/.local/bin:/home/g83r/.cargo/bin:/home/g83r/.local/bin:/usr/local/sbin:/usr/local/bin:/usr/sbin:/usr/bin:/sbin:/bin:/usr/games:/usr/local/games:/snap/bin:/usr/local/STMicroelectronics/STM32Cube/STM32CubeProgrammer/bin/:/opt/nvim-linux64/bin:/path/to/vcpkg', 'SESSION_MANAGER': 'local/Cipactli:@/tmp/.ICE-unix/2482,unix/Cipactli:/tmp/.ICE-unix/2482', 'XDG_SESSION_PATH': '/org/freedesktop/DisplayManager/Session1', 'XDG_MENU_PREFIX': 'gnome-', 'GNOME_TERMINAL_SCREEN': '/org/gnome/Terminal/screen/ada7a0d0_f1ae_4383_8690_cd9d7b8e4514', 'GNOME_SETUP_DISPLAY': ':2', 'XDG_RUNTIME_DIR': '/run/user/1000', 'DISPLAY': ':1', 'HISTSIZE': '2147450879', 'LANG': 'en_US.UTF-8', 'XDG_CURRENT_DESKTOP': 'ubuntu:GNOME', 'XMODIFIERS': '@im=ibus', 'XDG_SESSION_DESKTOP': 'ubuntu:GNOME', 'XAUTHORITY': '/run/user/1000/.mutter-Xwaylandauth.0GEEY2', 'LS_COLORS': 'rs=0:di=01;34:ln=01;36:mh=00:pi=40;33:so=01;35:do=01;35:bd=40;33;01:cd=40;33;01:or=40;31;01:mi=00:su=37;41:sg=30;43:ca=30;41:tw=30;42:ow=34;42:st=37;44:ex=01;32:*.tar=01;31:*.tgz=01;31:*.arc=01;31:*.arj=01;31:*.taz=01;31:*.lha=01;31:*.lz4=01;31:*.lzh=01;31:*.lzma=01;31:*.tlz=01;31:*.txz=01;31:*.tzo=01;31:*.t7z=01;31:*.zip=01;31:*.z=01;31:*.dz=01;31:*.gz=01;31:*.lrz=01;31:*.lz=01;31:*.lzo=01;31:*.xz=01;31:*.zst=01;31:*.tzst=01;31:*.bz2=01;31:*.bz=01;31:*.tbz=01;31:*.tbz2=01;31:*.tz=01;31:*.deb=01;31:*.rpm=01;31:*.jar=01;31:*.war=01;31:*.ear=01;31:*.sar=01;31:*.rar=01;31:*.alz=01;31:*.ace=01;31:*.zoo=01;31:*.cpio=01;31:*.7z=01;31:*.rz=01;31:*.cab=01;31:*.wim=01;31:*.swm=01;31:*.dwm=01;31:*.esd=01;31:*.jpg=01;35:*.jpeg=01;35:*.mjpg=01;35:*.mjpeg=01;35:*.gif=01;35:*.bmp=01;35:*.pbm=01;35:*.pgm=01;35:*.ppm=01;35:*.tga=01;35:*.xbm=01;35:*.xpm=01;35:*.tif=01;35:*.tiff=01;35:*.png=01;35:*.svg=01;35:*.svgz=01;35:*.mng=01;35:*.pcx=01;35:*.mov=01;35:*.mpg=01;35:*.mpeg=01;35:*.m2v=01;35:*.mkv=01;35:*.webm=01;35:*.webp=01;35:*.ogm=01;35:*.mp4=01;35:*.m4v=01;35:*.mp4v=01;35:*.vob=01;35:*.qt=01;35:*.nuv=01;35:*.wmv=01;35:*.asf=01;35:*.rm=01;35:*.rmvb=01;35:*.flc=01;35:*.avi=01;35:*.fli=01;35:*.flv=01;35:*.gl=01;35:*.dl=01;35:*.xcf=01;35:*.xwd=01;35:*.yuv=01;35:*.cgm=01;35:*.emf=01;35:*.ogv=01;35:*.ogx=01;35:*.aac=00;36:*.au=00;36:*.flac=00;36:*.m4a=00;36:*.mid=00;36:*.midi=00;36:*.mka=00;36:*.mp3=00;36:*.mpc=00;36:*.ogg=00;36:*.ra=00;36:*.wav=00;36:*.oga=00;36:*.opus=00;36:*.spx=00;36:*.xspf=00;36:', 'GNOME_TERMINAL_SERVICE': ':1.140', 'SSH_AGENT_LAUNCHER': 'gnome-keyring', 'SSH_AUTH_SOCK': '/run/user/1000/keyring/ssh', 'AMENT_PREFIX_PATH': '/opt/ros/humble', 'SHELL': '/bin/bash', 'QT_ACCESSIBILITY': '1', 'LESSCLOSE': '/usr/bin/lesspipe %s %s', 'QT_IM_MODULE': 'ibus', 'ZEPHYR_SDK_INSTALL_DIR': '/opt/zephyr-sdk-0.16.8', 'PWD': '/home/g83r/Desktop/uga/hero-lab/heroswarmv2/ROS2/humble_ws/build/robot_controller', 'LC_ALL': 'en_US.UTF-8', 'XDG_CONFIG_DIRS': '/etc/xdg/xdg-ubuntu:/etc/xdg', 'PICO_SDK_PATH': '/home/g83r/Desktop/mbed/pico-sdk', 'XDG_DATA_DIRS': '/usr/share/ubuntu:/usr/local/share:/usr/share:/var/lib/snapd/desktop', 'PYTHONPATH': '/home/g83r/Desktop/uga/hero-lab/heroswarmv2/ROS2/humble_ws/build/robot_controller/prefix_override:/usr/lib/python3/dist-packages/colcon_core/task/python/colcon_distutils_commands:/home/g83r/Desktop/uga/hero-lab/heroswarmv2/ROS2/humble_ws/install/robot_controller/lib/python3.10/site-packages:/opt/ros/humble/lib/python3.10/site-packages:/opt/ros/humble/local/lib/python3.10/dist-packages', 'COLCON': '1', 'VTE_VERSION': '6800'}, 'shell': False}
[0.478333] (robot_msgs) StdoutLine: {'line': b'-- Detecting C compiler ABI info\n'}
[0.500429] (-) TimerEvent: {}
[0.526224] (robot_msgs) StdoutLine: {'line': b'-- Detecting C compiler ABI info - done\n'}
[0.533650] (robot_msgs) StdoutLine: {'line': b'-- Check for working C compiler: /usr/bin/cc - skipped\n'}
[0.533973] (robot_msgs) StdoutLine: {'line': b'-- Detecting C compile features\n'}
[0.534225] (robot_msgs) StdoutLine: {'line': b'-- Detecting C compile features - done\n'}
[0.537364] (robot_msgs) StdoutLine: {'line': b'-- Detecting CXX compiler ABI info\n'}
[0.600661] (-) TimerEvent: {}
[0.632707] (robot_msgs) StdoutLine: {'line': b'-- Detecting CXX compiler ABI info - done\n'}
[0.639774] (robot_msgs) StdoutLine: {'line': b'-- Check for working CXX compiler: /usr/bin/c++ - skipped\n'}
[0.639999] (robot_msgs) StdoutLine: {'line': b'-- Detecting CXX compile features\n'}
[0.640190] (robot_msgs) StdoutLine: {'line': b'-- Detecting CXX compile features - done\n'}
[0.644164] (robot_msgs) StdoutLine: {'line': b'-- Found ament_cmake: 1.3.11 (/opt/ros/humble/share/ament_cmake/cmake)\n'}
[0.653302] (robot_controller) StdoutLine: {'line': b'running egg_info\n'}
[0.653875] (robot_controller) StdoutLine: {'line': b'writing ../../build/robot_controller/robot_controller.egg-info/PKG-INFO\n'}
[0.654081] (robot_controller) StdoutLine: {'line': b'writing dependency_links to ../../build/robot_controller/robot_controller.egg-info/dependency_links.txt\n'}
[0.654173] (robot_controller) StdoutLine: {'line': b'writing entry points to ../../build/robot_controller/robot_controller.egg-info/entry_points.txt\n'}
[0.654253] (robot_controller) StdoutLine: {'line': b'writing requirements to ../../build/robot_controller/robot_controller.egg-info/requires.txt\n'}
[0.654331] (robot_controller) StdoutLine: {'line': b'writing top-level names to ../../build/robot_controller/robot_controller.egg-info/top_level.txt\n'}
[0.655134] (robot_controller) StdoutLine: {'line': b"reading manifest file '../../build/robot_controller/robot_controller.egg-info/SOURCES.txt'\n"}
[0.655676] (robot_controller) StdoutLine: {'line': b"writing manifest file '../../build/robot_controller/robot_controller.egg-info/SOURCES.txt'\n"}
[0.655769] (robot_controller) StdoutLine: {'line': b'running build\n'}
[0.655849] (robot_controller) StdoutLine: {'line': b'running build_py\n'}
[0.655954] (robot_controller) StdoutLine: {'line': b'running install\n'}
[0.656092] (robot_controller) StdoutLine: {'line': b'running install_lib\n'}
[0.656804] (robot_controller) StdoutLine: {'line': b'running install_data\n'}
[0.656895] (robot_controller) StdoutLine: {'line': b'running install_egg_info\n'}
[0.657991] (robot_controller) StdoutLine: {'line': b"removing '/home/g83r/Desktop/uga/hero-lab/heroswarmv2/ROS2/humble_ws/install/robot_controller/lib/python3.10/site-packages/robot_controller-0.0.0-py3.10.egg-info' (and everything under it)\n"}
[0.658154] (robot_controller) StdoutLine: {'line': b'Copying ../../build/robot_controller/robot_controller.egg-info to /home/g83r/Desktop/uga/hero-lab/heroswarmv2/ROS2/humble_ws/install/robot_controller/lib/python3.10/site-packages/robot_controller-0.0.0-py3.10.egg-info\n'}
[0.658539] (robot_controller) StdoutLine: {'line': b'running install_scripts\n'}
[0.671651] (robot_controller) StdoutLine: {'line': b'Installing robot_controller script to /home/g83r/Desktop/uga/hero-lab/heroswarmv2/ROS2/humble_ws/install/robot_controller/lib/robot_controller\n'}
[0.671887] (robot_controller) StdoutLine: {'line': b"writing list of installed files to '/home/g83r/Desktop/uga/hero-lab/heroswarmv2/ROS2/humble_ws/build/robot_controller/install.log'\n"}
[0.688061] (robot_controller) CommandEnded: {'returncode': 0}
[0.694159] (robot_controller) JobEnded: {'identifier': 'robot_controller', 'rc': 0}
[0.700761] (-) TimerEvent: {}
[0.731975] (robot_msgs) StdoutLine: {'line': b'-- Found Python3: /usr/bin/python3 (found version "3.10.12") found components: Interpreter \n'}
[0.800967] (-) TimerEvent: {}
[0.810535] (robot_msgs) StdoutLine: {'line': b'-- Found std_msgs: 4.2.4 (/opt/ros/humble/share/std_msgs/cmake)\n'}
[0.850888] (robot_msgs) StdoutLine: {'line': b'-- Found rosidl_generator_c: 3.1.6 (/opt/ros/humble/share/rosidl_generator_c/cmake)\n'}
[0.854864] (robot_msgs) StdoutLine: {'line': b'-- Found rosidl_adapter: 3.1.6 (/opt/ros/humble/share/rosidl_adapter/cmake)\n'}
[0.862611] (robot_msgs) StdoutLine: {'line': b'-- Found rosidl_generator_cpp: 3.1.6 (/opt/ros/humble/share/rosidl_generator_cpp/cmake)\n'}
[0.873639] (robot_msgs) StdoutLine: {'line': b'-- Using all available rosidl_typesupport_c: rosidl_typesupport_fastrtps_c;rosidl_typesupport_introspection_c\n'}
[0.886778] (robot_msgs) StdoutLine: {'line': b'-- Using all available rosidl_typesupport_cpp: rosidl_typesupport_fastrtps_cpp;rosidl_typesupport_introspection_cpp\n'}
[0.901079] (-) TimerEvent: {}
[0.906217] (robot_msgs) StdoutLine: {'line': b'-- Found nav_msgs: 4.2.4 (/opt/ros/humble/share/nav_msgs/cmake)\n'}
[0.930064] (robot_msgs) StdoutLine: {'line': b'-- Found rosidl_default_generators: 1.2.0 (/opt/ros/humble/share/rosidl_default_generators/cmake)\n'}
[0.937613] (robot_msgs) StdoutLine: {'line': b'-- Found ament_lint_auto: 0.12.11 (/opt/ros/humble/share/ament_lint_auto/cmake)\n'}
[1.001177] (-) TimerEvent: {}
[1.101420] (-) TimerEvent: {}
[1.146194] (robot_msgs) StdoutLine: {'line': b'-- Found ament_cmake_ros: 0.10.0 (/opt/ros/humble/share/ament_cmake_ros/cmake)\n'}
[1.201529] (-) TimerEvent: {}
[1.301749] (-) TimerEvent: {}
[1.351129] (robot_msgs) StdoutLine: {'line': b'-- Using all available rosidl_typesupport_c: rosidl_typesupport_fastrtps_c;rosidl_typesupport_introspection_c\n'}
[1.401936] (-) TimerEvent: {}
[1.427463] (robot_msgs) StdoutLine: {'line': b'-- Using all available rosidl_typesupport_cpp: rosidl_typesupport_fastrtps_cpp;rosidl_typesupport_introspection_cpp\n'}
[1.447225] (robot_msgs) StdoutLine: {'line': b'-- Found PythonInterp: /usr/bin/python3 (found suitable version "3.10.12", minimum required is "3.6") \n'}
[1.448891] (robot_msgs) StdoutLine: {'line': b'-- Found python_cmake_module: 0.10.0 (/opt/ros/humble/share/python_cmake_module/cmake)\n'}
[1.470190] (robot_msgs) StdoutLine: {'line': b'-- Found PythonLibs: /usr/lib/x86_64-linux-gnu/libpython3.10.so (found suitable version "3.10.12", minimum required is "3.5") \n'}
[1.470250] (robot_msgs) StdoutLine: {'line': b'-- Using PYTHON_EXECUTABLE: /usr/bin/python3\n'}
[1.470287] (robot_msgs) StdoutLine: {'line': b'-- Using PYTHON_INCLUDE_DIRS: /usr/include/python3.10\n'}
[1.470318] (robot_msgs) StdoutLine: {'line': b'-- Using PYTHON_LIBRARIES: /usr/lib/x86_64-linux-gnu/libpython3.10.so\n'}
[1.485709] (robot_msgs) StdoutLine: {'line': b'-- Found PythonExtra: .so  \n'}
[1.501993] (-) TimerEvent: {}
[1.532760] (robot_msgs) StdoutLine: {'line': b"-- Added test 'lint_cmake' to check CMake code style\n"}
[1.533802] (robot_msgs) StdoutLine: {'line': b"-- Added test 'xmllint' to check XML markup files\n"}
[1.537351] (robot_msgs) StdoutLine: {'line': b'-- Configuring done\n'}
[1.571613] (robot_msgs) StdoutLine: {'line': b'-- Generating done\n'}
[1.580755] (robot_msgs) StdoutLine: {'line': b'-- Build files have been written to: /home/g83r/Desktop/uga/hero-lab/heroswarmv2/ROS2/humble_ws/build/robot_msgs\n'}
[1.587468] (robot_msgs) CommandEnded: {'returncode': 0}
[1.588146] (robot_msgs) JobProgress: {'identifier': 'robot_msgs', 'progress': 'build'}
[1.588162] (robot_msgs) Command: {'cmd': ['/usr/bin/cmake', '--build', '/home/g83r/Desktop/uga/hero-lab/heroswarmv2/ROS2/humble_ws/build/robot_msgs', '--', '-j16', '-l16'], 'cwd': '/home/g83r/Desktop/uga/hero-lab/heroswarmv2/ROS2/humble_ws/build/robot_msgs', 'env': OrderedDict([('LESSOPEN', '| /usr/bin/lesspipe %s'), ('HISTFILESIZE', '2147450879'), ('USER', 'g83r'), ('PAM_KWALLET5_LOGIN', '/run/user/1000/kwallet5.socket'), ('XDG_SESSION_TYPE', 'wayland'), ('SHLVL', '1'), ('LD_LIBRARY_PATH', '/opt/ros/humble/opt/rviz_ogre_vendor/lib:/opt/ros/humble/lib/x86_64-linux-gnu:/opt/ros/humble/lib'), ('LESS', '-R'), ('HOME', '/home/g83r'), ('OLDPWD', '/home/g83r/Desktop/uga/hero-lab/heroswarmv2/ROS2/humble_ws/src'), ('DESKTOP_SESSION', 'ubuntu'), ('LSCOLORS', 'Gxfxcxdxdxegedabagacad'), ('ROS_PYTHON_VERSION', '3'), ('GNOME_SHELL_SESSION_MODE', 'ubuntu'), ('GTK_MODULES', 'gail:atk-bridge:appmenu-gtk-module'), ('XDG_SEAT_PATH', '/org/freedesktop/DisplayManager/Seat0'), ('PAGER', 'less'), ('SYSTEMD_EXEC_PID', '2945'), ('IM_CONFIG_CHECK_ENV', '1'), ('DBUS_SESSION_BUS_ADDRESS', 'unix:path=/run/user/1000/bus'), ('COLORTERM', 'truecolor'), ('CL_PATH', '/usr/include/CL/'), ('IM_CONFIG_PHASE', '1'), ('WAYLAND_DISPLAY', 'wayland-0'), ('ROS_DISTRO', 'humble'), ('LOGNAME', 'g83r'), ('OSH', '/home/g83r/.oh-my-bash'), ('_', '/usr/bin/colcon'), ('ROS_VERSION', '2'), ('XDG_SESSION_CLASS', 'user'), ('STM32_PRG_PATH', '/home/g83r/Downloads/apps/STM32Cube-Programmer/bin'), ('TERM', 'xterm-256color'), ('GNOME_DESKTOP_SESSION_ID', 'this-is-deprecated'), ('ROS_LOCALHOST_ONLY', '0'), ('IDF_PATH', '/home/g83r/Desktop/mbed/esp/esp-idf'), ('PATH', '/opt/ros/humble/bin:/home/g83r/.local/bin:/home/g83r/.local/bin:/home/g83r/.cargo/bin:/home/g83r/.local/bin:/usr/local/sbin:/usr/local/bin:/usr/sbin:/usr/bin:/sbin:/bin:/usr/games:/usr/local/games:/snap/bin:/usr/local/STMicroelectronics/STM32Cube/STM32CubeProgrammer/bin/:/opt/nvim-linux64/bin:/path/to/vcpkg'), ('SESSION_MANAGER', 'local/Cipactli:@/tmp/.ICE-unix/2482,unix/Cipactli:/tmp/.ICE-unix/2482'), ('XDG_SESSION_PATH', '/org/freedesktop/DisplayManager/Session1'), ('XDG_MENU_PREFIX', 'gnome-'), ('GNOME_TERMINAL_SCREEN', '/org/gnome/Terminal/screen/ada7a0d0_f1ae_4383_8690_cd9d7b8e4514'), ('GNOME_SETUP_DISPLAY', ':2'), ('XDG_RUNTIME_DIR', '/run/user/1000'), ('DISPLAY', ':1'), ('HISTSIZE', '2147450879'), ('LANG', 'en_US.UTF-8'), ('XDG_CURRENT_DESKTOP', 'ubuntu:GNOME'), ('XMODIFIERS', '@im=ibus'), ('XDG_SESSION_DESKTOP', 'ubuntu:GNOME'), ('XAUTHORITY', '/run/user/1000/.mutter-Xwaylandauth.0GEEY2'), ('LS_COLORS', 'rs=0:di=01;34:ln=01;36:mh=00:pi=40;33:so=01;35:do=01;35:bd=40;33;01:cd=40;33;01:or=40;31;01:mi=00:su=37;41:sg=30;43:ca=30;41:tw=30;42:ow=34;42:st=37;44:ex=01;32:*.tar=01;31:*.tgz=01;31:*.arc=01;31:*.arj=01;31:*.taz=01;31:*.lha=01;31:*.lz4=01;31:*.lzh=01;31:*.lzma=01;31:*.tlz=01;31:*.txz=01;31:*.tzo=01;31:*.t7z=01;31:*.zip=01;31:*.z=01;31:*.dz=01;31:*.gz=01;31:*.lrz=01;31:*.lz=01;31:*.lzo=01;31:*.xz=01;31:*.zst=01;31:*.tzst=01;31:*.bz2=01;31:*.bz=01;31:*.tbz=01;31:*.tbz2=01;31:*.tz=01;31:*.deb=01;31:*.rpm=01;31:*.jar=01;31:*.war=01;31:*.ear=01;31:*.sar=01;31:*.rar=01;31:*.alz=01;31:*.ace=01;31:*.zoo=01;31:*.cpio=01;31:*.7z=01;31:*.rz=01;31:*.cab=01;31:*.wim=01;31:*.swm=01;31:*.dwm=01;31:*.esd=01;31:*.jpg=01;35:*.jpeg=01;35:*.mjpg=01;35:*.mjpeg=01;35:*.gif=01;35:*.bmp=01;35:*.pbm=01;35:*.pgm=01;35:*.ppm=01;35:*.tga=01;35:*.xbm=01;35:*.xpm=01;35:*.tif=01;35:*.tiff=01;35:*.png=01;35:*.svg=01;35:*.svgz=01;35:*.mng=01;35:*.pcx=01;35:*.mov=01;35:*.mpg=01;35:*.mpeg=01;35:*.m2v=01;35:*.mkv=01;35:*.webm=01;35:*.webp=01;35:*.ogm=01;35:*.mp4=01;35:*.m4v=01;35:*.mp4v=01;35:*.vob=01;35:*.qt=01;35:*.nuv=01;35:*.wmv=01;35:*.asf=01;35:*.rm=01;35:*.rmvb=01;35:*.flc=01;35:*.avi=01;35:*.fli=01;35:*.flv=01;35:*.gl=01;35:*.dl=01;35:*.xcf=01;35:*.xwd=01;35:*.yuv=01;35:*.cgm=01;35:*.emf=01;35:*.ogv=01;35:*.ogx=01;35:*.aac=00;36:*.au=00;36:*.flac=00;36:*.m4a=00;36:*.mid=00;36:*.midi=00;36:*.mka=00;36:*.mp3=00;36:*.mpc=00;36:*.ogg=00;36:*.ra=00;36:*.wav=00;36:*.oga=00;36:*.opus=00;36:*.spx=00;36:*.xspf=00;36:'), ('GNOME_TERMINAL_SERVICE', ':1.140'), ('SSH_AGENT_LAUNCHER', 'gnome-keyring'), ('SSH_AUTH_SOCK', '/run/user/1000/keyring/ssh'), ('AMENT_PREFIX_PATH', '/opt/ros/humble'), ('SHELL', '/bin/bash'), ('QT_ACCESSIBILITY', '1'), ('LESSCLOSE', '/usr/bin/lesspipe %s %s'), ('QT_IM_MODULE', 'ibus'), ('ZEPHYR_SDK_INSTALL_DIR', '/opt/zephyr-sdk-0.16.8'), ('PWD', '/home/g83r/Desktop/uga/hero-lab/heroswarmv2/ROS2/humble_ws/build/robot_msgs'), ('LC_ALL', 'en_US.UTF-8'), ('XDG_CONFIG_DIRS', '/etc/xdg/xdg-ubuntu:/etc/xdg'), ('PICO_SDK_PATH', '/home/g83r/Desktop/mbed/pico-sdk'), ('XDG_DATA_DIRS', '/usr/share/ubuntu:/usr/local/share:/usr/share:/var/lib/snapd/desktop'), ('PYTHONPATH', '/opt/ros/humble/lib/python3.10/site-packages:/opt/ros/humble/local/lib/python3.10/dist-packages'), ('COLCON', '1'), ('VTE_VERSION', '6800'), ('CMAKE_PREFIX_PATH', '/opt/ros/humble')]), 'shell': False}
[1.602068] (-) TimerEvent: {}
[1.616396] (robot_msgs) StdoutLine: {'line': b'[  1%] \x1b[34m\x1b[1mGenerating C code for ROS interfaces\x1b[0m\n'}
[1.625046] (robot_msgs) StdoutLine: {'line': b'[  1%] \x1b[34m\x1b[1mGenerating C++ code for ROS interfaces\x1b[0m\n'}
[1.626839] (robot_msgs) StdoutLine: {'line': b'[  1%] Built target ament_cmake_python_copy_robot_msgs\n'}
[1.702307] (-) TimerEvent: {}
[1.802703] (-) TimerEvent: {}
[1.805400] (robot_msgs) StdoutLine: {'line': b'running egg_info\n'}
[1.805715] (robot_msgs) StdoutLine: {'line': b'creating robot_msgs.egg-info\n'}
[1.805975] (robot_msgs) StdoutLine: {'line': b'writing robot_msgs.egg-info/PKG-INFO\n'}
[1.806220] (robot_msgs) StdoutLine: {'line': b'writing dependency_links to robot_msgs.egg-info/dependency_links.txt\n'}
[1.806328] (robot_msgs) StdoutLine: {'line': b'writing top-level names to robot_msgs.egg-info/top_level.txt\n'}
[1.806416] (robot_msgs) StdoutLine: {'line': b"writing manifest file 'robot_msgs.egg-info/SOURCES.txt'\n"}
[1.807487] (robot_msgs) StdoutLine: {'line': b"reading manifest file 'robot_msgs.egg-info/SOURCES.txt'\n"}
[1.807771] (robot_msgs) StdoutLine: {'line': b"writing manifest file 'robot_msgs.egg-info/SOURCES.txt'\n"}
[1.823737] (robot_msgs) StdoutLine: {'line': b'[  1%] Built target ament_cmake_python_build_robot_msgs_egg\n'}
[1.902909] (-) TimerEvent: {}
[2.003242] (-) TimerEvent: {}
[2.049979] (robot_msgs) StdoutLine: {'line': b'[  2%] \x1b[32mBuilding C object CMakeFiles/robot_msgs__rosidl_generator_c.dir/rosidl_generator_c/robot_msgs/msg/detail/environment__functions.c.o\x1b[0m\n'}
[2.050294] (robot_msgs) StdoutLine: {'line': b'[  3%] \x1b[32mBuilding C object CMakeFiles/robot_msgs__rosidl_generator_c.dir/rosidl_generator_c/robot_msgs/msg/detail/robot_pos__functions.c.o\x1b[0m\n'}
[2.050426] (robot_msgs) StdoutLine: {'line': b'[  5%] \x1b[32mBuilding C object CMakeFiles/robot_msgs__rosidl_generator_c.dir/rosidl_generator_c/robot_msgs/msg/detail/sensor_enable__functions.c.o\x1b[0m\n'}
[2.050538] (robot_msgs) StdoutLine: {'line': b'[  5%] \x1b[32mBuilding C object CMakeFiles/robot_msgs__rosidl_generator_c.dir/rosidl_generator_c/robot_msgs/msg/detail/light__functions.c.o\x1b[0m\n'}
[2.051178] (robot_msgs) StdoutLine: {'line': b'[  6%] \x1b[32mBuilding C object CMakeFiles/robot_msgs__rosidl_generator_c.dir/rosidl_generator_c/robot_msgs/msg/detail/string_list__functions.c.o\x1b[0m\n'}
[2.051324] (robot_msgs) StdoutLine: {'line': b'[  7%] \x1b[32mBuilding C object CMakeFiles/robot_msgs__rosidl_generator_c.dir/rosidl_generator_c/robot_msgs/msg/detail/distance_sensor__functions.c.o\x1b[0m\n'}
[2.051751] (robot_msgs) StdoutLine: {'line': b'[  8%] \x1b[32mBuilding C object CMakeFiles/robot_msgs__rosidl_generator_c.dir/rosidl_generator_c/robot_msgs/srv/detail/get_charger__functions.c.o\x1b[0m\n'}
[2.052155] (robot_msgs) StdoutLine: {'line': b'[ 10%] \x1b[32mBuilding C object CMakeFiles/robot_msgs__rosidl_generator_c.dir/rosidl_generator_c/robot_msgs/msg/detail/battery_status__functions.c.o\x1b[0m\n'}
[2.052310] (robot_msgs) StdoutLine: {'line': b'[ 10%] \x1b[32mBuilding C object CMakeFiles/robot_msgs__rosidl_generator_c.dir/rosidl_generator_c/robot_msgs/msg/detail/dock_enable__functions.c.o\x1b[0m\n'}
[2.055930] (robot_msgs) StdoutLine: {'line': b'[ 11%] \x1b[32mBuilding C object CMakeFiles/robot_msgs__rosidl_generator_c.dir/rosidl_generator_c/robot_msgs/srv/detail/release_charger__functions.c.o\x1b[0m\n'}
[2.057153] (robot_msgs) StdoutLine: {'line': b'[ 11%] Built target robot_msgs__cpp\n'}
[2.062791] (robot_msgs) StdoutLine: {'line': b'[ 12%] \x1b[34m\x1b[1mGenerating C++ type support dispatch for ROS interfaces\x1b[0m\n'}
[2.063154] (robot_msgs) StdoutLine: {'line': b'[ 13%] \x1b[34m\x1b[1mGenerating C++ introspection for ROS interfaces\x1b[0m\n'}
[2.063296] (robot_msgs) StdoutLine: {'line': b'[ 14%] \x1b[34m\x1b[1mGenerating C++ type support for eProsima Fast-RTPS\x1b[0m\n'}
[2.103376] (-) TimerEvent: {}
[2.111445] (robot_msgs) StdoutLine: {'line': b'[ 15%] \x1b[32m\x1b[1mLinking C shared library librobot_msgs__rosidl_generator_c.so\x1b[0m\n'}
[2.144985] (robot_msgs) StdoutLine: {'line': b'[ 15%] Built target robot_msgs__rosidl_generator_c\n'}
[2.149530] (robot_msgs) StdoutLine: {'line': b'[ 16%] \x1b[34m\x1b[1mGenerating C introspection for ROS interfaces\x1b[0m\n'}
[2.150434] (robot_msgs) StdoutLine: {'line': b'[ 17%] \x1b[34m\x1b[1mGenerating C type support for eProsima Fast-RTPS\x1b[0m\n'}
[2.151481] (robot_msgs) StdoutLine: {'line': b'[ 18%] \x1b[34m\x1b[1mGenerating C type support dispatch for ROS interfaces\x1b[0m\n'}
[2.203506] (-) TimerEvent: {}
[2.303824] (-) TimerEvent: {}
[2.335177] (robot_msgs) StdoutLine: {'line': b'[ 21%] \x1b[32mBuilding CXX object CMakeFiles/robot_msgs__rosidl_typesupport_cpp.dir/rosidl_typesupport_cpp/robot_msgs/msg/robot_pos__type_support.cpp.o\x1b[0m\n'}
[2.335487] (robot_msgs) StdoutLine: {'line': b'[ 21%] \x1b[32mBuilding CXX object CMakeFiles/robot_msgs__rosidl_typesupport_cpp.dir/rosidl_typesupport_cpp/robot_msgs/msg/environment__type_support.cpp.o\x1b[0m\n'}
[2.335610] (robot_msgs) StdoutLine: {'line': b'[ 22%] \x1b[32mBuilding CXX object CMakeFiles/robot_msgs__rosidl_typesupport_cpp.dir/rosidl_typesupport_cpp/robot_msgs/msg/string_list__type_support.cpp.o\x1b[0m\n'}
[2.335698] (robot_msgs) StdoutLine: {'line': b'[ 26%] \x1b[32mBuilding CXX object CMakeFiles/robot_msgs__rosidl_typesupport_cpp.dir/rosidl_typesupport_cpp/robot_msgs/msg/dock_enable__type_support.cpp.o\x1b[0m\n'}
[2.335783] (robot_msgs) StdoutLine: {'line': b'[ 26%] \x1b[32mBuilding CXX object CMakeFiles/robot_msgs__rosidl_typesupport_cpp.dir/rosidl_typesupport_cpp/robot_msgs/msg/distance_sensor__type_support.cpp.o\x1b[0m\n'}
[2.335867] (robot_msgs) StdoutLine: {'line': b'[ 26%] \x1b[32mBuilding CXX object CMakeFiles/robot_msgs__rosidl_typesupport_cpp.dir/rosidl_typesupport_cpp/robot_msgs/msg/sensor_enable__type_support.cpp.o\x1b[0m\n'}
[2.335973] (robot_msgs) StdoutLine: {'line': b'[ 26%] \x1b[32mBuilding CXX object CMakeFiles/robot_msgs__rosidl_typesupport_cpp.dir/rosidl_typesupport_cpp/robot_msgs/msg/battery_status__type_support.cpp.o\x1b[0m\n'}
[2.336071] (robot_msgs) StdoutLine: {'line': b'[ 26%] \x1b[32mBuilding CXX object CMakeFiles/robot_msgs__rosidl_typesupport_cpp.dir/rosidl_typesupport_cpp/robot_msgs/msg/light__type_support.cpp.o\x1b[0m\n'}
[2.336164] (robot_msgs) StdoutLine: {'line': b'[ 27%] \x1b[32mBuilding CXX object CMakeFiles/robot_msgs__rosidl_typesupport_cpp.dir/rosidl_typesupport_cpp/robot_msgs/srv/get_charger__type_support.cpp.o\x1b[0m\n'}
[2.336313] (robot_msgs) StdoutLine: {'line': b'[ 28%] \x1b[32mBuilding CXX object CMakeFiles/robot_msgs__rosidl_typesupport_cpp.dir/rosidl_typesupport_cpp/robot_msgs/srv/release_charger__type_support.cpp.o\x1b[0m\n'}
[2.404468] (-) TimerEvent: {}
[2.420011] (robot_msgs) StdoutLine: {'line': b'[ 30%] \x1b[32mBuilding CXX object CMakeFiles/robot_msgs__rosidl_typesupport_introspection_cpp.dir/rosidl_typesupport_introspection_cpp/robot_msgs/msg/detail/robot_pos__type_support.cpp.o\x1b[0m\n'}
[2.420188] (robot_msgs) StdoutLine: {'line': b'[ 30%] \x1b[32mBuilding CXX object CMakeFiles/robot_msgs__rosidl_typesupport_introspection_cpp.dir/rosidl_typesupport_introspection_cpp/robot_msgs/msg/detail/environment__type_support.cpp.o\x1b[0m\n'}
[2.504563] (-) TimerEvent: {}
[2.604829] (-) TimerEvent: {}
[2.608111] (robot_msgs) StdoutLine: {'line': b'[ 31%] \x1b[32mBuilding C object CMakeFiles/robot_msgs__rosidl_typesupport_introspection_c.dir/rosidl_typesupport_introspection_c/robot_msgs/msg/detail/environment__type_support.c.o\x1b[0m\n'}
[2.618752] (robot_msgs) StdoutLine: {'line': b'[ 32%] \x1b[32mBuilding C object CMakeFiles/robot_msgs__rosidl_typesupport_introspection_c.dir/rosidl_typesupport_introspection_c/robot_msgs/msg/detail/robot_pos__type_support.c.o\x1b[0m\n'}
[2.618985] (robot_msgs) StdoutLine: {'line': b'[ 33%] \x1b[32mBuilding CXX object CMakeFiles/robot_msgs__rosidl_typesupport_fastrtps_cpp.dir/rosidl_typesupport_fastrtps_cpp/robot_msgs/msg/detail/dds_fastrtps/environment__type_support.cpp.o\x1b[0m\n'}
[2.620713] (robot_msgs) StdoutLine: {'line': b'[ 34%] \x1b[32mBuilding C object CMakeFiles/robot_msgs__rosidl_typesupport_introspection_c.dir/rosidl_typesupport_introspection_c/robot_msgs/msg/detail/light__type_support.c.o\x1b[0m\n'}
[2.623187] (robot_msgs) StdoutLine: {'line': b'[ 35%] \x1b[32mBuilding C object CMakeFiles/robot_msgs__rosidl_typesupport_introspection_c.dir/rosidl_typesupport_introspection_c/robot_msgs/msg/detail/string_list__type_support.c.o\x1b[0m\n'}
[2.633340] (robot_msgs) StdoutLine: {'line': b'[ 36%] \x1b[32mBuilding C object CMakeFiles/robot_msgs__rosidl_typesupport_introspection_c.dir/rosidl_typesupport_introspection_c/robot_msgs/msg/detail/sensor_enable__type_support.c.o\x1b[0m\n'}
[2.640080] (robot_msgs) StdoutLine: {'line': b'[ 37%] \x1b[32mBuilding C object CMakeFiles/robot_msgs__rosidl_typesupport_introspection_c.dir/rosidl_typesupport_introspection_c/robot_msgs/msg/detail/distance_sensor__type_support.c.o\x1b[0m\n'}
[2.641785] (robot_msgs) StdoutLine: {'line': b'[ 38%] \x1b[32mBuilding C object CMakeFiles/robot_msgs__rosidl_typesupport_introspection_c.dir/rosidl_typesupport_introspection_c/robot_msgs/msg/detail/battery_status__type_support.c.o\x1b[0m\n'}
[2.649851] (robot_msgs) StdoutLine: {'line': b'[ 39%] \x1b[32mBuilding CXX object CMakeFiles/robot_msgs__rosidl_typesupport_c.dir/rosidl_typesupport_c/robot_msgs/msg/environment__type_support.cpp.o\x1b[0m\n'}
[2.650344] (robot_msgs) StdoutLine: {'line': b'[ 40%] \x1b[32mBuilding CXX object CMakeFiles/robot_msgs__rosidl_typesupport_fastrtps_cpp.dir/rosidl_typesupport_fastrtps_cpp/robot_msgs/msg/detail/dds_fastrtps/robot_pos__type_support.cpp.o\x1b[0m\n'}
[2.653683] (robot_msgs) StdoutLine: {'line': b'[ 41%] \x1b[32mBuilding C object CMakeFiles/robot_msgs__rosidl_typesupport_introspection_c.dir/rosidl_typesupport_introspection_c/robot_msgs/msg/detail/dock_enable__type_support.c.o\x1b[0m\n'}
[2.663309] (robot_msgs) StdoutLine: {'line': b'[ 41%] \x1b[32mBuilding CXX object CMakeFiles/robot_msgs__rosidl_typesupport_fastrtps_cpp.dir/rosidl_typesupport_fastrtps_cpp/robot_msgs/msg/detail/dds_fastrtps/light__type_support.cpp.o\x1b[0m\n'}
[2.663579] (robot_msgs) StdoutLine: {'line': b'[ 42%] \x1b[32mBuilding CXX object CMakeFiles/robot_msgs__rosidl_typesupport_c.dir/rosidl_typesupport_c/robot_msgs/msg/robot_pos__type_support.cpp.o\x1b[0m\n'}
[2.672097] (robot_msgs) StdoutLine: {'line': b'[ 43%] \x1b[32mBuilding CXX object CMakeFiles/robot_msgs__rosidl_typesupport_fastrtps_cpp.dir/rosidl_typesupport_fastrtps_cpp/robot_msgs/msg/detail/dds_fastrtps/string_list__type_support.cpp.o\x1b[0m\n'}
[2.672274] (robot_msgs) StdoutLine: {'line': b'[ 44%] \x1b[32mBuilding CXX object CMakeFiles/robot_msgs__rosidl_typesupport_c.dir/rosidl_typesupport_c/robot_msgs/msg/light__type_support.cpp.o\x1b[0m\n'}
[2.682987] (robot_msgs) StdoutLine: {'line': b'[ 45%] \x1b[32mBuilding C object CMakeFiles/robot_msgs__rosidl_typesupport_introspection_c.dir/rosidl_typesupport_introspection_c/robot_msgs/srv/detail/get_charger__type_support.c.o\x1b[0m\n'}
[2.685206] (robot_msgs) StdoutLine: {'line': b'[ 46%] \x1b[32mBuilding C object CMakeFiles/robot_msgs__rosidl_typesupport_introspection_c.dir/rosidl_typesupport_introspection_c/robot_msgs/srv/detail/release_charger__type_support.c.o\x1b[0m\n'}
[2.701765] (robot_msgs) StdoutLine: {'line': b'[ 48%] \x1b[32mBuilding CXX object CMakeFiles/robot_msgs__rosidl_typesupport_c.dir/rosidl_typesupport_c/robot_msgs/msg/string_list__type_support.cpp.o\x1b[0m\n'}
[2.701947] (robot_msgs) StdoutLine: {'line': b'[ 48%] \x1b[32mBuilding CXX object CMakeFiles/robot_msgs__rosidl_typesupport_fastrtps_cpp.dir/rosidl_typesupport_fastrtps_cpp/robot_msgs/msg/detail/dds_fastrtps/sensor_enable__type_support.cpp.o\x1b[0m\n'}
[2.704934] (-) TimerEvent: {}
[2.718314] (robot_msgs) StdoutLine: {'line': b'[ 49%] \x1b[32mBuilding CXX object CMakeFiles/robot_msgs__rosidl_typesupport_c.dir/rosidl_typesupport_c/robot_msgs/msg/sensor_enable__type_support.cpp.o\x1b[0m\n'}
[2.719457] (robot_msgs) StdoutLine: {'line': b'[ 50%] \x1b[32mBuilding CXX object CMakeFiles/robot_msgs__rosidl_typesupport_introspection_cpp.dir/rosidl_typesupport_introspection_cpp/robot_msgs/msg/detail/light__type_support.cpp.o\x1b[0m\n'}
[2.719975] (robot_msgs) StdoutLine: {'line': b'[ 51%] \x1b[32m\x1b[1mLinking C shared library librobot_msgs__rosidl_typesupport_introspection_c.so\x1b[0m\n'}
[2.731398] (robot_msgs) StdoutLine: {'line': b'[ 53%] \x1b[32mBuilding CXX object CMakeFiles/robot_msgs__rosidl_typesupport_fastrtps_cpp.dir/rosidl_typesupport_fastrtps_cpp/robot_msgs/msg/detail/dds_fastrtps/distance_sensor__type_support.cpp.o\x1b[0m\n'}
[2.731629] (robot_msgs) StdoutLine: {'line': b'[ 53%] \x1b[32mBuilding CXX object CMakeFiles/robot_msgs__rosidl_typesupport_introspection_cpp.dir/rosidl_typesupport_introspection_cpp/robot_msgs/msg/detail/string_list__type_support.cpp.o\x1b[0m\n'}
[2.740060] (robot_msgs) StdoutLine: {'line': b'[ 54%] \x1b[32mBuilding CXX object CMakeFiles/robot_msgs__rosidl_typesupport_fastrtps_cpp.dir/rosidl_typesupport_fastrtps_cpp/robot_msgs/msg/detail/dds_fastrtps/battery_status__type_support.cpp.o\x1b[0m\n'}
[2.740290] (robot_msgs) StdoutLine: {'line': b'[ 55%] \x1b[32mBuilding CXX object CMakeFiles/robot_msgs__rosidl_typesupport_introspection_cpp.dir/rosidl_typesupport_introspection_cpp/robot_msgs/msg/detail/sensor_enable__type_support.cpp.o\x1b[0m\n'}
[2.747823] (robot_msgs) StdoutLine: {'line': b'[ 56%] \x1b[32mBuilding CXX object CMakeFiles/robot_msgs__rosidl_typesupport_fastrtps_cpp.dir/rosidl_typesupport_fastrtps_cpp/robot_msgs/msg/detail/dds_fastrtps/dock_enable__type_support.cpp.o\x1b[0m\n'}
[2.750020] (robot_msgs) StdoutLine: {'line': b'[ 57%] \x1b[32m\x1b[1mLinking CXX shared library librobot_msgs__rosidl_typesupport_cpp.so\x1b[0m\n'}
[2.750415] (robot_msgs) StdoutLine: {'line': b'[ 57%] Built target robot_msgs__rosidl_typesupport_introspection_c\n'}
[2.755669] (robot_msgs) StdoutLine: {'line': b'[ 58%] \x1b[32mBuilding CXX object CMakeFiles/robot_msgs__rosidl_typesupport_fastrtps_cpp.dir/rosidl_typesupport_fastrtps_cpp/robot_msgs/srv/detail/dds_fastrtps/get_charger__type_support.cpp.o\x1b[0m\n'}
[2.758006] (robot_msgs) StdoutLine: {'line': b'[ 59%] \x1b[32mBuilding CXX object CMakeFiles/robot_msgs__rosidl_typesupport_c.dir/rosidl_typesupport_c/robot_msgs/msg/distance_sensor__type_support.cpp.o\x1b[0m\n'}
[2.785868] (robot_msgs) StdoutLine: {'line': b'[ 60%] \x1b[32mBuilding CXX object CMakeFiles/robot_msgs__rosidl_typesupport_fastrtps_cpp.dir/rosidl_typesupport_fastrtps_cpp/robot_msgs/srv/detail/dds_fastrtps/release_charger__type_support.cpp.o\x1b[0m\n'}
[2.798861] (robot_msgs) StdoutLine: {'line': b'[ 61%] \x1b[32mBuilding CXX object CMakeFiles/robot_msgs__rosidl_typesupport_c.dir/rosidl_typesupport_c/robot_msgs/msg/battery_status__type_support.cpp.o\x1b[0m\n'}
[2.805056] (-) TimerEvent: {}
[2.840151] (robot_msgs) StdoutLine: {'line': b'[ 62%] \x1b[32mBuilding CXX object CMakeFiles/robot_msgs__rosidl_typesupport_c.dir/rosidl_typesupport_c/robot_msgs/msg/dock_enable__type_support.cpp.o\x1b[0m\n'}
[2.843131] (robot_msgs) StdoutLine: {'line': b'[ 62%] Built target robot_msgs__rosidl_typesupport_cpp\n'}
[2.847282] (robot_msgs) StdoutLine: {'line': b'[ 63%] \x1b[32mBuilding CXX object CMakeFiles/robot_msgs__rosidl_typesupport_introspection_cpp.dir/rosidl_typesupport_introspection_cpp/robot_msgs/msg/detail/distance_sensor__type_support.cpp.o\x1b[0m\n'}
[2.884047] (robot_msgs) StdoutLine: {'line': b'[ 63%] \x1b[32mBuilding CXX object CMakeFiles/robot_msgs__rosidl_typesupport_c.dir/rosidl_typesupport_c/robot_msgs/srv/get_charger__type_support.cpp.o\x1b[0m\n'}
[2.905174] (-) TimerEvent: {}
[2.924934] (robot_msgs) StdoutLine: {'line': b'[ 64%] \x1b[32mBuilding CXX object CMakeFiles/robot_msgs__rosidl_typesupport_c.dir/rosidl_typesupport_c/robot_msgs/srv/release_charger__type_support.cpp.o\x1b[0m\n'}
[2.937327] (robot_msgs) StdoutLine: {'line': b'[ 65%] \x1b[32mBuilding CXX object CMakeFiles/robot_msgs__rosidl_typesupport_fastrtps_c.dir/rosidl_typesupport_fastrtps_c/robot_msgs/msg/detail/environment__type_support_c.cpp.o\x1b[0m\n'}
[2.959070] (robot_msgs) StdoutLine: {'line': b'[ 66%] \x1b[32m\x1b[1mLinking CXX shared library librobot_msgs__rosidl_typesupport_c.so\x1b[0m\n'}
[3.008981] (-) TimerEvent: {}
[3.048572] (robot_msgs) StdoutLine: {'line': b'[ 66%] Built target robot_msgs__rosidl_typesupport_c\n'}
[3.052519] (robot_msgs) StdoutLine: {'line': b'[ 67%] \x1b[32mBuilding CXX object CMakeFiles/robot_msgs__rosidl_typesupport_introspection_cpp.dir/rosidl_typesupport_introspection_cpp/robot_msgs/msg/detail/battery_status__type_support.cpp.o\x1b[0m\n'}
[3.054048] (robot_msgs) StdoutLine: {'line': b'[ 68%] \x1b[32mBuilding CXX object CMakeFiles/robot_msgs__rosidl_typesupport_fastrtps_c.dir/rosidl_typesupport_fastrtps_c/robot_msgs/msg/detail/robot_pos__type_support_c.cpp.o\x1b[0m\n'}
[3.082640] (robot_msgs) StdoutLine: {'line': b'[ 69%] \x1b[32mBuilding CXX object CMakeFiles/robot_msgs__rosidl_typesupport_fastrtps_c.dir/rosidl_typesupport_fastrtps_c/robot_msgs/msg/detail/light__type_support_c.cpp.o\x1b[0m\n'}
[3.109101] (-) TimerEvent: {}
[3.109362] (robot_msgs) StdoutLine: {'line': b'[ 70%] \x1b[32mBuilding CXX object CMakeFiles/robot_msgs__rosidl_typesupport_introspection_cpp.dir/rosidl_typesupport_introspection_cpp/robot_msgs/msg/detail/dock_enable__type_support.cpp.o\x1b[0m\n'}
[3.130893] (robot_msgs) StdoutLine: {'line': b'[ 71%] \x1b[32mBuilding CXX object CMakeFiles/robot_msgs__rosidl_typesupport_fastrtps_c.dir/rosidl_typesupport_fastrtps_c/robot_msgs/msg/detail/string_list__type_support_c.cpp.o\x1b[0m\n'}
[3.147618] (robot_msgs) StdoutLine: {'line': b'[ 72%] \x1b[32mBuilding CXX object CMakeFiles/robot_msgs__rosidl_typesupport_fastrtps_c.dir/rosidl_typesupport_fastrtps_c/robot_msgs/msg/detail/sensor_enable__type_support_c.cpp.o\x1b[0m\n'}
[3.158637] (robot_msgs) StdoutLine: {'line': b'[ 73%] \x1b[32mBuilding CXX object CMakeFiles/robot_msgs__rosidl_typesupport_fastrtps_c.dir/rosidl_typesupport_fastrtps_c/robot_msgs/msg/detail/distance_sensor__type_support_c.cpp.o\x1b[0m\n'}
[3.209218] (-) TimerEvent: {}
[3.215388] (robot_msgs) StdoutLine: {'line': b'[ 74%] \x1b[32mBuilding CXX object CMakeFiles/robot_msgs__rosidl_typesupport_introspection_cpp.dir/rosidl_typesupport_introspection_cpp/robot_msgs/srv/detail/get_charger__type_support.cpp.o\x1b[0m\n'}
[3.229985] (robot_msgs) StdoutLine: {'line': b'[ 75%] \x1b[32mBuilding CXX object CMakeFiles/robot_msgs__rosidl_typesupport_introspection_cpp.dir/rosidl_typesupport_introspection_cpp/robot_msgs/srv/detail/release_charger__type_support.cpp.o\x1b[0m\n'}
[3.269267] (robot_msgs) StdoutLine: {'line': b'[ 76%] \x1b[32mBuilding CXX object CMakeFiles/robot_msgs__rosidl_typesupport_fastrtps_c.dir/rosidl_typesupport_fastrtps_c/robot_msgs/msg/detail/battery_status__type_support_c.cpp.o\x1b[0m\n'}
[3.282060] (robot_msgs) StdoutLine: {'line': b'[ 77%] \x1b[32mBuilding CXX object CMakeFiles/robot_msgs__rosidl_typesupport_fastrtps_c.dir/rosidl_typesupport_fastrtps_c/robot_msgs/msg/detail/dock_enable__type_support_c.cpp.o\x1b[0m\n'}
[3.307788] (robot_msgs) StdoutLine: {'line': b'[ 78%] \x1b[32mBuilding CXX object CMakeFiles/robot_msgs__rosidl_typesupport_fastrtps_c.dir/rosidl_typesupport_fastrtps_c/robot_msgs/srv/detail/get_charger__type_support_c.cpp.o\x1b[0m\n'}
[3.309312] (-) TimerEvent: {}
[3.341452] (robot_msgs) StdoutLine: {'line': b'[ 79%] \x1b[32mBuilding CXX object CMakeFiles/robot_msgs__rosidl_typesupport_fastrtps_c.dir/rosidl_typesupport_fastrtps_c/robot_msgs/srv/detail/release_charger__type_support_c.cpp.o\x1b[0m\n'}
[3.393262] (robot_msgs) StdoutLine: {'line': b'[ 80%] \x1b[32m\x1b[1mLinking CXX shared library librobot_msgs__rosidl_typesupport_fastrtps_cpp.so\x1b[0m\n'}
[3.410980] (-) TimerEvent: {}
[3.497958] (robot_msgs) StdoutLine: {'line': b'[ 80%] Built target robot_msgs__rosidl_typesupport_fastrtps_cpp\n'}
[3.511083] (-) TimerEvent: {}
[3.607430] (robot_msgs) StdoutLine: {'line': b'[ 81%] \x1b[32m\x1b[1mLinking CXX shared library librobot_msgs__rosidl_typesupport_fastrtps_c.so\x1b[0m\n'}
[3.611187] (-) TimerEvent: {}
[3.628315] (robot_msgs) StdoutLine: {'line': b'[ 82%] \x1b[32m\x1b[1mLinking CXX shared library librobot_msgs__rosidl_typesupport_introspection_cpp.so\x1b[0m\n'}
[3.685995] (robot_msgs) StdoutLine: {'line': b'[ 82%] Built target robot_msgs__rosidl_typesupport_fastrtps_c\n'}
[3.697815] (robot_msgs) StdoutLine: {'line': b'[ 82%] Built target robot_msgs__rosidl_typesupport_introspection_cpp\n'}
[3.708125] (robot_msgs) StdoutLine: {'line': b'[ 82%] Built target robot_msgs\n'}
[3.711268] (-) TimerEvent: {}
[3.722708] (robot_msgs) StdoutLine: {'line': b'[ 83%] \x1b[34m\x1b[1mGenerating Python code for ROS interfaces\x1b[0m\n'}
[3.811394] (-) TimerEvent: {}
[3.911636] (-) TimerEvent: {}
[4.011946] (-) TimerEvent: {}
[4.112162] (-) TimerEvent: {}
[4.212430] (-) TimerEvent: {}
[4.312744] (-) TimerEvent: {}
[4.402810] (robot_msgs) StdoutLine: {'line': b'[ 83%] Built target robot_msgs__py\n'}
[4.412848] (-) TimerEvent: {}
[4.413253] (robot_msgs) StdoutLine: {'line': b'[ 84%] \x1b[32mBuilding C object CMakeFiles/robot_msgs__rosidl_generator_py.dir/rosidl_generator_py/robot_msgs/msg/_sensor_enable_s.c.o\x1b[0m\n'}
[4.413539] (robot_msgs) StdoutLine: {'line': b'[ 85%] \x1b[32mBuilding C object CMakeFiles/robot_msgs__rosidl_generator_py.dir/rosidl_generator_py/robot_msgs/msg/_environment_s.c.o\x1b[0m\n'}
[4.413987] (robot_msgs) StdoutLine: {'line': b'[ 86%] \x1b[32mBuilding C object CMakeFiles/robot_msgs__rosidl_generator_py.dir/rosidl_generator_py/robot_msgs/msg/_battery_status_s.c.o\x1b[0m\n'}
[4.414404] (robot_msgs) StdoutLine: {'line': b'[ 87%] \x1b[32mBuilding C object CMakeFiles/robot_msgs__rosidl_generator_py.dir/rosidl_generator_py/robot_msgs/msg/_robot_pos_s.c.o\x1b[0m\n'}
[4.414568] (robot_msgs) StdoutLine: {'line': b'[ 88%] \x1b[32mBuilding C object CMakeFiles/robot_msgs__rosidl_generator_py.dir/rosidl_generator_py/robot_msgs/msg/_dock_enable_s.c.o\x1b[0m\n'}
[4.414862] (robot_msgs) StdoutLine: {'line': b'[ 89%] \x1b[32mBuilding C object CMakeFiles/robot_msgs__rosidl_generator_py.dir/rosidl_generator_py/robot_msgs/msg/_light_s.c.o\x1b[0m\n'}
[4.415048] (robot_msgs) StdoutLine: {'line': b'[ 90%] \x1b[32mBuilding C object CMakeFiles/robot_msgs__rosidl_generator_py.dir/rosidl_generator_py/robot_msgs/msg/_string_list_s.c.o\x1b[0m\n'}
[4.415304] (robot_msgs) StdoutLine: {'line': b'[ 91%] \x1b[32mBuilding C object CMakeFiles/robot_msgs__rosidl_generator_py.dir/rosidl_generator_py/robot_msgs/msg/_distance_sensor_s.c.o\x1b[0m\n'}
[4.415664] (robot_msgs) StdoutLine: {'line': b'[ 92%] \x1b[32mBuilding C object CMakeFiles/robot_msgs__rosidl_generator_py.dir/rosidl_generator_py/robot_msgs/srv/_release_charger_s.c.o\x1b[0m\n'}
[4.416766] (robot_msgs) StdoutLine: {'line': b'[ 93%] \x1b[32mBuilding C object CMakeFiles/robot_msgs__rosidl_generator_py.dir/rosidl_generator_py/robot_msgs/srv/_get_charger_s.c.o\x1b[0m\n'}
[4.513087] (-) TimerEvent: {}
[4.541627] (robot_msgs) StdoutLine: {'line': b'[ 94%] \x1b[32m\x1b[1mLinking C shared library rosidl_generator_py/robot_msgs/librobot_msgs__rosidl_generator_py.so\x1b[0m\n'}
[4.576833] (robot_msgs) StdoutLine: {'line': b'[ 94%] Built target robot_msgs__rosidl_generator_py\n'}
[4.592379] (robot_msgs) StdoutLine: {'line': b'[ 95%] \x1b[32mBuilding C object CMakeFiles/robot_msgs__rosidl_typesupport_fastrtps_c__pyext.dir/rosidl_generator_py/robot_msgs/_robot_msgs_s.ep.rosidl_typesupport_fastrtps_c.c.o\x1b[0m\n'}
[4.592657] (robot_msgs) StdoutLine: {'line': b'[ 96%] \x1b[32mBuilding C object CMakeFiles/robot_msgs__rosidl_typesupport_introspection_c__pyext.dir/rosidl_generator_py/robot_msgs/_robot_msgs_s.ep.rosidl_typesupport_introspection_c.c.o\x1b[0m\n'}
[4.592944] (robot_msgs) StdoutLine: {'line': b'[ 97%] \x1b[32mBuilding C object CMakeFiles/robot_msgs__rosidl_typesupport_c__pyext.dir/rosidl_generator_py/robot_msgs/_robot_msgs_s.ep.rosidl_typesupport_c.c.o\x1b[0m\n'}
[4.613286] (-) TimerEvent: {}
[4.685947] (robot_msgs) StdoutLine: {'line': b'[ 98%] \x1b[32m\x1b[1mLinking C shared library rosidl_generator_py/robot_msgs/robot_msgs_s__rosidl_typesupport_fastrtps_c.cpython-310-x86_64-linux-gnu.so\x1b[0m\n'}
[4.688257] (robot_msgs) StdoutLine: {'line': b'[ 99%] \x1b[32m\x1b[1mLinking C shared library rosidl_generator_py/robot_msgs/robot_msgs_s__rosidl_typesupport_introspection_c.cpython-310-x86_64-linux-gnu.so\x1b[0m\n'}
[4.688344] (robot_msgs) StdoutLine: {'line': b'[100%] \x1b[32m\x1b[1mLinking C shared library rosidl_generator_py/robot_msgs/robot_msgs_s__rosidl_typesupport_c.cpython-310-x86_64-linux-gnu.so\x1b[0m\n'}
[4.713413] (-) TimerEvent: {}
[4.714503] (robot_msgs) StdoutLine: {'line': b'[100%] Built target robot_msgs__rosidl_typesupport_c__pyext\n'}
[4.716077] (robot_msgs) StdoutLine: {'line': b'[100%] Built target robot_msgs__rosidl_typesupport_introspection_c__pyext\n'}
[4.720289] (robot_msgs) StdoutLine: {'line': b'[100%] Built target robot_msgs__rosidl_typesupport_fastrtps_c__pyext\n'}
[4.729187] (robot_msgs) CommandEnded: {'returncode': 0}
[4.729858] (robot_msgs) JobProgress: {'identifier': 'robot_msgs', 'progress': 'install'}
[4.736301] (robot_msgs) Command: {'cmd': ['/usr/bin/cmake', '--install', '/home/g83r/Desktop/uga/hero-lab/heroswarmv2/ROS2/humble_ws/build/robot_msgs'], 'cwd': '/home/g83r/Desktop/uga/hero-lab/heroswarmv2/ROS2/humble_ws/build/robot_msgs', 'env': OrderedDict([('LESSOPEN', '| /usr/bin/lesspipe %s'), ('HISTFILESIZE', '2147450879'), ('USER', 'g83r'), ('PAM_KWALLET5_LOGIN', '/run/user/1000/kwallet5.socket'), ('XDG_SESSION_TYPE', 'wayland'), ('SHLVL', '1'), ('LD_LIBRARY_PATH', '/opt/ros/humble/opt/rviz_ogre_vendor/lib:/opt/ros/humble/lib/x86_64-linux-gnu:/opt/ros/humble/lib'), ('LESS', '-R'), ('HOME', '/home/g83r'), ('OLDPWD', '/home/g83r/Desktop/uga/hero-lab/heroswarmv2/ROS2/humble_ws/src'), ('DESKTOP_SESSION', 'ubuntu'), ('LSCOLORS', 'Gxfxcxdxdxegedabagacad'), ('ROS_PYTHON_VERSION', '3'), ('GNOME_SHELL_SESSION_MODE', 'ubuntu'), ('GTK_MODULES', 'gail:atk-bridge:appmenu-gtk-module'), ('XDG_SEAT_PATH', '/org/freedesktop/DisplayManager/Seat0'), ('PAGER', 'less'), ('SYSTEMD_EXEC_PID', '2945'), ('IM_CONFIG_CHECK_ENV', '1'), ('DBUS_SESSION_BUS_ADDRESS', 'unix:path=/run/user/1000/bus'), ('COLORTERM', 'truecolor'), ('CL_PATH', '/usr/include/CL/'), ('IM_CONFIG_PHASE', '1'), ('WAYLAND_DISPLAY', 'wayland-0'), ('ROS_DISTRO', 'humble'), ('LOGNAME', 'g83r'), ('OSH', '/home/g83r/.oh-my-bash'), ('_', '/usr/bin/colcon'), ('ROS_VERSION', '2'), ('XDG_SESSION_CLASS', 'user'), ('STM32_PRG_PATH', '/home/g83r/Downloads/apps/STM32Cube-Programmer/bin'), ('TERM', 'xterm-256color'), ('GNOME_DESKTOP_SESSION_ID', 'this-is-deprecated'), ('ROS_LOCALHOST_ONLY', '0'), ('IDF_PATH', '/home/g83r/Desktop/mbed/esp/esp-idf'), ('PATH', '/opt/ros/humble/bin:/home/g83r/.local/bin:/home/g83r/.local/bin:/home/g83r/.cargo/bin:/home/g83r/.local/bin:/usr/local/sbin:/usr/local/bin:/usr/sbin:/usr/bin:/sbin:/bin:/usr/games:/usr/local/games:/snap/bin:/usr/local/STMicroelectronics/STM32Cube/STM32CubeProgrammer/bin/:/opt/nvim-linux64/bin:/path/to/vcpkg'), ('SESSION_MANAGER', 'local/Cipactli:@/tmp/.ICE-unix/2482,unix/Cipactli:/tmp/.ICE-unix/2482'), ('XDG_SESSION_PATH', '/org/freedesktop/DisplayManager/Session1'), ('XDG_MENU_PREFIX', 'gnome-'), ('GNOME_TERMINAL_SCREEN', '/org/gnome/Terminal/screen/ada7a0d0_f1ae_4383_8690_cd9d7b8e4514'), ('GNOME_SETUP_DISPLAY', ':2'), ('XDG_RUNTIME_DIR', '/run/user/1000'), ('DISPLAY', ':1'), ('HISTSIZE', '2147450879'), ('LANG', 'en_US.UTF-8'), ('XDG_CURRENT_DESKTOP', 'ubuntu:GNOME'), ('XMODIFIERS', '@im=ibus'), ('XDG_SESSION_DESKTOP', 'ubuntu:GNOME'), ('XAUTHORITY', '/run/user/1000/.mutter-Xwaylandauth.0GEEY2'), ('LS_COLORS', 'rs=0:di=01;34:ln=01;36:mh=00:pi=40;33:so=01;35:do=01;35:bd=40;33;01:cd=40;33;01:or=40;31;01:mi=00:su=37;41:sg=30;43:ca=30;41:tw=30;42:ow=34;42:st=37;44:ex=01;32:*.tar=01;31:*.tgz=01;31:*.arc=01;31:*.arj=01;31:*.taz=01;31:*.lha=01;31:*.lz4=01;31:*.lzh=01;31:*.lzma=01;31:*.tlz=01;31:*.txz=01;31:*.tzo=01;31:*.t7z=01;31:*.zip=01;31:*.z=01;31:*.dz=01;31:*.gz=01;31:*.lrz=01;31:*.lz=01;31:*.lzo=01;31:*.xz=01;31:*.zst=01;31:*.tzst=01;31:*.bz2=01;31:*.bz=01;31:*.tbz=01;31:*.tbz2=01;31:*.tz=01;31:*.deb=01;31:*.rpm=01;31:*.jar=01;31:*.war=01;31:*.ear=01;31:*.sar=01;31:*.rar=01;31:*.alz=01;31:*.ace=01;31:*.zoo=01;31:*.cpio=01;31:*.7z=01;31:*.rz=01;31:*.cab=01;31:*.wim=01;31:*.swm=01;31:*.dwm=01;31:*.esd=01;31:*.jpg=01;35:*.jpeg=01;35:*.mjpg=01;35:*.mjpeg=01;35:*.gif=01;35:*.bmp=01;35:*.pbm=01;35:*.pgm=01;35:*.ppm=01;35:*.tga=01;35:*.xbm=01;35:*.xpm=01;35:*.tif=01;35:*.tiff=01;35:*.png=01;35:*.svg=01;35:*.svgz=01;35:*.mng=01;35:*.pcx=01;35:*.mov=01;35:*.mpg=01;35:*.mpeg=01;35:*.m2v=01;35:*.mkv=01;35:*.webm=01;35:*.webp=01;35:*.ogm=01;35:*.mp4=01;35:*.m4v=01;35:*.mp4v=01;35:*.vob=01;35:*.qt=01;35:*.nuv=01;35:*.wmv=01;35:*.asf=01;35:*.rm=01;35:*.rmvb=01;35:*.flc=01;35:*.avi=01;35:*.fli=01;35:*.flv=01;35:*.gl=01;35:*.dl=01;35:*.xcf=01;35:*.xwd=01;35:*.yuv=01;35:*.cgm=01;35:*.emf=01;35:*.ogv=01;35:*.ogx=01;35:*.aac=00;36:*.au=00;36:*.flac=00;36:*.m4a=00;36:*.mid=00;36:*.midi=00;36:*.mka=00;36:*.mp3=00;36:*.mpc=00;36:*.ogg=00;36:*.ra=00;36:*.wav=00;36:*.oga=00;36:*.opus=00;36:*.spx=00;36:*.xspf=00;36:'), ('GNOME_TERMINAL_SERVICE', ':1.140'), ('SSH_AGENT_LAUNCHER', 'gnome-keyring'), ('SSH_AUTH_SOCK', '/run/user/1000/keyring/ssh'), ('AMENT_PREFIX_PATH', '/opt/ros/humble'), ('SHELL', '/bin/bash'), ('QT_ACCESSIBILITY', '1'), ('LESSCLOSE', '/usr/bin/lesspipe %s %s'), ('QT_IM_MODULE', 'ibus'), ('ZEPHYR_SDK_INSTALL_DIR', '/opt/zephyr-sdk-0.16.8'), ('PWD', '/home/g83r/Desktop/uga/hero-lab/heroswarmv2/ROS2/humble_ws/build/robot_msgs'), ('LC_ALL', 'en_US.UTF-8'), ('XDG_CONFIG_DIRS', '/etc/xdg/xdg-ubuntu:/etc/xdg'), ('PICO_SDK_PATH', '/home/g83r/Desktop/mbed/pico-sdk'), ('XDG_DATA_DIRS', '/usr/share/ubuntu:/usr/local/share:/usr/share:/var/lib/snapd/desktop'), ('PYTHONPATH', '/opt/ros/humble/lib/python3.10/site-packages:/opt/ros/humble/local/lib/python3.10/dist-packages'), ('COLCON', '1'), ('VTE_VERSION', '6800'), ('CMAKE_PREFIX_PATH', '/opt/ros/humble')]), 'shell': False}
[4.742118] (robot_msgs) StdoutLine: {'line': b'-- Install configuration: ""\n'}
[4.742465] (robot_msgs) StdoutLine: {'line': b'-- Installing: /home/g83r/Desktop/uga/hero-lab/heroswarmv2/ROS2/humble_ws/install/robot_msgs/share/ament_index/resource_index/rosidl_interfaces/robot_msgs\n'}
[4.742712] (robot_msgs) StdoutLine: {'line': b'-- Installing: /home/g83r/Desktop/uga/hero-lab/heroswarmv2/ROS2/humble_ws/install/robot_msgs/include/robot_msgs/robot_msgs\n'}
[4.742867] (robot_msgs) StdoutLine: {'line': b'-- Installing: /home/g83r/Desktop/uga/hero-lab/heroswarmv2/ROS2/humble_ws/install/robot_msgs/include/robot_msgs/robot_msgs/srv\n'}
[4.743130] (robot_msgs) StdoutLine: {'line': b'-- Installing: /home/g83r/Desktop/uga/hero-lab/heroswarmv2/ROS2/humble_ws/install/robot_msgs/include/robot_msgs/robot_msgs/srv/get_charger.h\n'}
[4.743302] (robot_msgs) StdoutLine: {'line': b'-- Installing: /home/g83r/Desktop/uga/hero-lab/heroswarmv2/ROS2/humble_ws/install/robot_msgs/include/robot_msgs/robot_msgs/srv/detail\n'}
[4.743418] (robot_msgs) StdoutLine: {'line': b'-- Installing: /home/g83r/Desktop/uga/hero-lab/heroswarmv2/ROS2/humble_ws/install/robot_msgs/include/robot_msgs/robot_msgs/srv/detail/release_charger__functions.c\n'}
[4.743560] (robot_msgs) StdoutLine: {'line': b'-- Installing: /home/g83r/Desktop/uga/hero-lab/heroswarmv2/ROS2/humble_ws/install/robot_msgs/include/robot_msgs/robot_msgs/srv/detail/get_charger__type_support.h\n'}
[4.743685] (robot_msgs) StdoutLine: {'line': b'-- Installing: /home/g83r/Desktop/uga/hero-lab/heroswarmv2/ROS2/humble_ws/install/robot_msgs/include/robot_msgs/robot_msgs/srv/detail/release_charger__type_support.h\n'}
[4.743847] (robot_msgs) StdoutLine: {'line': b'-- Installing: /home/g83r/Desktop/uga/hero-lab/heroswarmv2/ROS2/humble_ws/install/robot_msgs/include/robot_msgs/robot_msgs/srv/detail/release_charger__functions.h\n'}
[4.744190] (robot_msgs) StdoutLine: {'line': b'-- Installing: /home/g83r/Desktop/uga/hero-lab/heroswarmv2/ROS2/humble_ws/install/robot_msgs/include/robot_msgs/robot_msgs/srv/detail/get_charger__struct.h\n'}
[4.744520] (robot_msgs) StdoutLine: {'line': b'-- Installing: /home/g83r/Desktop/uga/hero-lab/heroswarmv2/ROS2/humble_ws/install/robot_msgs/include/robot_msgs/robot_msgs/srv/detail/get_charger__functions.h\n'}
[4.744689] (robot_msgs) StdoutLine: {'line': b'-- Installing: /home/g83r/Desktop/uga/hero-lab/heroswarmv2/ROS2/humble_ws/install/robot_msgs/include/robot_msgs/robot_msgs/srv/detail/get_charger__functions.c\n'}
[4.744796] (robot_msgs) StdoutLine: {'line': b'-- Installing: /home/g83r/Desktop/uga/hero-lab/heroswarmv2/ROS2/humble_ws/install/robot_msgs/include/robot_msgs/robot_msgs/srv/detail/release_charger__struct.h\n'}
[4.744912] (robot_msgs) StdoutLine: {'line': b'-- Installing: /home/g83r/Desktop/uga/hero-lab/heroswarmv2/ROS2/humble_ws/install/robot_msgs/include/robot_msgs/robot_msgs/srv/release_charger.h\n'}
[4.744977] (robot_msgs) StdoutLine: {'line': b'-- Installing: /home/g83r/Desktop/uga/hero-lab/heroswarmv2/ROS2/humble_ws/install/robot_msgs/include/robot_msgs/robot_msgs/msg\n'}
[4.745029] (robot_msgs) StdoutLine: {'line': b'-- Installing: /home/g83r/Desktop/uga/hero-lab/heroswarmv2/ROS2/humble_ws/install/robot_msgs/include/robot_msgs/robot_msgs/msg/distance_sensor.h\n'}
[4.745204] (robot_msgs) StdoutLine: {'line': b'-- Installing: /home/g83r/Desktop/uga/hero-lab/heroswarmv2/ROS2/humble_ws/install/robot_msgs/include/robot_msgs/robot_msgs/msg/environment.h\n'}
[4.745357] (robot_msgs) StdoutLine: {'line': b'-- Installing: /home/g83r/Desktop/uga/hero-lab/heroswarmv2/ROS2/humble_ws/install/robot_msgs/include/robot_msgs/robot_msgs/msg/robot_pos.h\n'}
[4.745472] (robot_msgs) StdoutLine: {'line': b'-- Installing: /home/g83r/Desktop/uga/hero-lab/heroswarmv2/ROS2/humble_ws/install/robot_msgs/include/robot_msgs/robot_msgs/msg/detail\n'}
[4.745528] (robot_msgs) StdoutLine: {'line': b'-- Installing: /home/g83r/Desktop/uga/hero-lab/heroswarmv2/ROS2/humble_ws/install/robot_msgs/include/robot_msgs/robot_msgs/msg/detail/robot_pos__struct.h\n'}
[4.745581] (robot_msgs) StdoutLine: {'line': b'-- Installing: /home/g83r/Desktop/uga/hero-lab/heroswarmv2/ROS2/humble_ws/install/robot_msgs/include/robot_msgs/robot_msgs/msg/detail/dock_enable__type_support.h\n'}
[4.745631] (robot_msgs) StdoutLine: {'line': b'-- Installing: /home/g83r/Desktop/uga/hero-lab/heroswarmv2/ROS2/humble_ws/install/robot_msgs/include/robot_msgs/robot_msgs/msg/detail/distance_sensor__functions.h\n'}
[4.745679] (robot_msgs) StdoutLine: {'line': b'-- Installing: /home/g83r/Desktop/uga/hero-lab/heroswarmv2/ROS2/humble_ws/install/robot_msgs/include/robot_msgs/robot_msgs/msg/detail/dock_enable__functions.c\n'}
[4.745727] (robot_msgs) StdoutLine: {'line': b'-- Installing: /home/g83r/Desktop/uga/hero-lab/heroswarmv2/ROS2/humble_ws/install/robot_msgs/include/robot_msgs/robot_msgs/msg/detail/light__type_support.h\n'}
[4.745810] (robot_msgs) StdoutLine: {'line': b'-- Installing: /home/g83r/Desktop/uga/hero-lab/heroswarmv2/ROS2/humble_ws/install/robot_msgs/include/robot_msgs/robot_msgs/msg/detail/environment__functions.h\n'}
[4.745945] (robot_msgs) StdoutLine: {'line': b'-- Installing: /home/g83r/Desktop/uga/hero-lab/heroswarmv2/ROS2/humble_ws/install/robot_msgs/include/robot_msgs/robot_msgs/msg/detail/sensor_enable__functions.c\n'}
[4.746003] (robot_msgs) StdoutLine: {'line': b'-- Installing: /home/g83r/Desktop/uga/hero-lab/heroswarmv2/ROS2/humble_ws/install/robot_msgs/include/robot_msgs/robot_msgs/msg/detail/string_list__struct.h\n'}
[4.746053] (robot_msgs) StdoutLine: {'line': b'-- Installing: /home/g83r/Desktop/uga/hero-lab/heroswarmv2/ROS2/humble_ws/install/robot_msgs/include/robot_msgs/robot_msgs/msg/detail/dock_enable__struct.h\n'}
[4.746101] (robot_msgs) StdoutLine: {'line': b'-- Installing: /home/g83r/Desktop/uga/hero-lab/heroswarmv2/ROS2/humble_ws/install/robot_msgs/include/robot_msgs/robot_msgs/msg/detail/distance_sensor__type_support.h\n'}
[4.746149] (robot_msgs) StdoutLine: {'line': b'-- Installing: /home/g83r/Desktop/uga/hero-lab/heroswarmv2/ROS2/humble_ws/install/robot_msgs/include/robot_msgs/robot_msgs/msg/detail/robot_pos__functions.c\n'}
[4.746197] (robot_msgs) StdoutLine: {'line': b'-- Installing: /home/g83r/Desktop/uga/hero-lab/heroswarmv2/ROS2/humble_ws/install/robot_msgs/include/robot_msgs/robot_msgs/msg/detail/sensor_enable__functions.h\n'}
[4.746282] (robot_msgs) StdoutLine: {'line': b'-- Installing: /home/g83r/Desktop/uga/hero-lab/heroswarmv2/ROS2/humble_ws/install/robot_msgs/include/robot_msgs/robot_msgs/msg/detail/distance_sensor__struct.h\n'}
[4.746406] (robot_msgs) StdoutLine: {'line': b'-- Installing: /home/g83r/Desktop/uga/hero-lab/heroswarmv2/ROS2/humble_ws/install/robot_msgs/include/robot_msgs/robot_msgs/msg/detail/environment__type_support.h\n'}
[4.746468] (robot_msgs) StdoutLine: {'line': b'-- Installing: /home/g83r/Desktop/uga/hero-lab/heroswarmv2/ROS2/humble_ws/install/robot_msgs/include/robot_msgs/robot_msgs/msg/detail/sensor_enable__struct.h\n'}
[4.746524] (robot_msgs) StdoutLine: {'line': b'-- Installing: /home/g83r/Desktop/uga/hero-lab/heroswarmv2/ROS2/humble_ws/install/robot_msgs/include/robot_msgs/robot_msgs/msg/detail/environment__functions.c\n'}
[4.746578] (robot_msgs) StdoutLine: {'line': b'-- Installing: /home/g83r/Desktop/uga/hero-lab/heroswarmv2/ROS2/humble_ws/install/robot_msgs/include/robot_msgs/robot_msgs/msg/detail/robot_pos__type_support.h\n'}
[4.746629] (robot_msgs) StdoutLine: {'line': b'-- Installing: /home/g83r/Desktop/uga/hero-lab/heroswarmv2/ROS2/humble_ws/install/robot_msgs/include/robot_msgs/robot_msgs/msg/detail/light__struct.h\n'}
[4.746684] (robot_msgs) StdoutLine: {'line': b'-- Installing: /home/g83r/Desktop/uga/hero-lab/heroswarmv2/ROS2/humble_ws/install/robot_msgs/include/robot_msgs/robot_msgs/msg/detail/string_list__functions.h\n'}
[4.746802] (robot_msgs) StdoutLine: {'line': b'-- Installing: /home/g83r/Desktop/uga/hero-lab/heroswarmv2/ROS2/humble_ws/install/robot_msgs/include/robot_msgs/robot_msgs/msg/detail/distance_sensor__functions.c\n'}
[4.746884] (robot_msgs) StdoutLine: {'line': b'-- Installing: /home/g83r/Desktop/uga/hero-lab/heroswarmv2/ROS2/humble_ws/install/robot_msgs/include/robot_msgs/robot_msgs/msg/detail/battery_status__type_support.h\n'}
[4.746964] (robot_msgs) StdoutLine: {'line': b'-- Installing: /home/g83r/Desktop/uga/hero-lab/heroswarmv2/ROS2/humble_ws/install/robot_msgs/include/robot_msgs/robot_msgs/msg/detail/light__functions.c\n'}
[4.747019] (robot_msgs) StdoutLine: {'line': b'-- Installing: /home/g83r/Desktop/uga/hero-lab/heroswarmv2/ROS2/humble_ws/install/robot_msgs/include/robot_msgs/robot_msgs/msg/detail/string_list__type_support.h\n'}
[4.747074] (robot_msgs) StdoutLine: {'line': b'-- Installing: /home/g83r/Desktop/uga/hero-lab/heroswarmv2/ROS2/humble_ws/install/robot_msgs/include/robot_msgs/robot_msgs/msg/detail/string_list__functions.c\n'}
[4.747127] (robot_msgs) StdoutLine: {'line': b'-- Installing: /home/g83r/Desktop/uga/hero-lab/heroswarmv2/ROS2/humble_ws/install/robot_msgs/include/robot_msgs/robot_msgs/msg/detail/battery_status__functions.c\n'}
[4.747310] (robot_msgs) StdoutLine: {'line': b'-- Installing: /home/g83r/Desktop/uga/hero-lab/heroswarmv2/ROS2/humble_ws/install/robot_msgs/include/robot_msgs/robot_msgs/msg/detail/dock_enable__functions.h\n'}
[4.747534] (robot_msgs) StdoutLine: {'line': b'-- Installing: /home/g83r/Desktop/uga/hero-lab/heroswarmv2/ROS2/humble_ws/install/robot_msgs/include/robot_msgs/robot_msgs/msg/detail/battery_status__struct.h\n'}
[4.747663] (robot_msgs) StdoutLine: {'line': b'-- Installing: /home/g83r/Desktop/uga/hero-lab/heroswarmv2/ROS2/humble_ws/install/robot_msgs/include/robot_msgs/robot_msgs/msg/detail/robot_pos__functions.h\n'}
[4.747783] (robot_msgs) StdoutLine: {'line': b'-- Installing: /home/g83r/Desktop/uga/hero-lab/heroswarmv2/ROS2/humble_ws/install/robot_msgs/include/robot_msgs/robot_msgs/msg/detail/battery_status__functions.h\n'}
[4.747901] (robot_msgs) StdoutLine: {'line': b'-- Installing: /home/g83r/Desktop/uga/hero-lab/heroswarmv2/ROS2/humble_ws/install/robot_msgs/include/robot_msgs/robot_msgs/msg/detail/light__functions.h\n'}
[4.748031] (robot_msgs) StdoutLine: {'line': b'-- Installing: /home/g83r/Desktop/uga/hero-lab/heroswarmv2/ROS2/humble_ws/install/robot_msgs/include/robot_msgs/robot_msgs/msg/detail/sensor_enable__type_support.h\n'}
[4.748155] (robot_msgs) StdoutLine: {'line': b'-- Installing: /home/g83r/Desktop/uga/hero-lab/heroswarmv2/ROS2/humble_ws/install/robot_msgs/include/robot_msgs/robot_msgs/msg/detail/environment__struct.h\n'}
[4.748281] (robot_msgs) StdoutLine: {'line': b'-- Installing: /home/g83r/Desktop/uga/hero-lab/heroswarmv2/ROS2/humble_ws/install/robot_msgs/include/robot_msgs/robot_msgs/msg/rosidl_generator_c__visibility_control.h\n'}
[4.748344] (robot_msgs) StdoutLine: {'line': b'-- Installing: /home/g83r/Desktop/uga/hero-lab/heroswarmv2/ROS2/humble_ws/install/robot_msgs/include/robot_msgs/robot_msgs/msg/dock_enable.h\n'}
[4.748402] (robot_msgs) StdoutLine: {'line': b'-- Installing: /home/g83r/Desktop/uga/hero-lab/heroswarmv2/ROS2/humble_ws/install/robot_msgs/include/robot_msgs/robot_msgs/msg/sensor_enable.h\n'}
[4.748461] (robot_msgs) StdoutLine: {'line': b'-- Installing: /home/g83r/Desktop/uga/hero-lab/heroswarmv2/ROS2/humble_ws/install/robot_msgs/include/robot_msgs/robot_msgs/msg/battery_status.h\n'}
[4.748525] (robot_msgs) StdoutLine: {'line': b'-- Installing: /home/g83r/Desktop/uga/hero-lab/heroswarmv2/ROS2/humble_ws/install/robot_msgs/include/robot_msgs/robot_msgs/msg/light.h\n'}
[4.748590] (robot_msgs) StdoutLine: {'line': b'-- Installing: /home/g83r/Desktop/uga/hero-lab/heroswarmv2/ROS2/humble_ws/install/robot_msgs/include/robot_msgs/robot_msgs/msg/string_list.h\n'}
[4.748679] (robot_msgs) StdoutLine: {'line': b'-- Installing: /home/g83r/Desktop/uga/hero-lab/heroswarmv2/ROS2/humble_ws/install/robot_msgs/share/robot_msgs/environment/library_path.sh\n'}
[4.748747] (robot_msgs) StdoutLine: {'line': b'-- Installing: /home/g83r/Desktop/uga/hero-lab/heroswarmv2/ROS2/humble_ws/install/robot_msgs/share/robot_msgs/environment/library_path.dsv\n'}
[4.748817] (robot_msgs) StdoutLine: {'line': b'-- Installing: /home/g83r/Desktop/uga/hero-lab/heroswarmv2/ROS2/humble_ws/install/robot_msgs/lib/librobot_msgs__rosidl_generator_c.so\n'}
[4.748935] (robot_msgs) StdoutLine: {'line': b'-- Set runtime path of "/home/g83r/Desktop/uga/hero-lab/heroswarmv2/ROS2/humble_ws/install/robot_msgs/lib/librobot_msgs__rosidl_generator_c.so" to ""\n'}
[4.749057] (robot_msgs) StdoutLine: {'line': b'-- Up-to-date: /home/g83r/Desktop/uga/hero-lab/heroswarmv2/ROS2/humble_ws/install/robot_msgs/include/robot_msgs/robot_msgs\n'}
[4.749189] (robot_msgs) StdoutLine: {'line': b'-- Up-to-date: /home/g83r/Desktop/uga/hero-lab/heroswarmv2/ROS2/humble_ws/install/robot_msgs/include/robot_msgs/robot_msgs/srv\n'}
[4.749276] (robot_msgs) StdoutLine: {'line': b'-- Up-to-date: /home/g83r/Desktop/uga/hero-lab/heroswarmv2/ROS2/humble_ws/install/robot_msgs/include/robot_msgs/robot_msgs/srv/detail\n'}
[4.749404] (robot_msgs) StdoutLine: {'line': b'-- Installing: /home/g83r/Desktop/uga/hero-lab/heroswarmv2/ROS2/humble_ws/install/robot_msgs/include/robot_msgs/robot_msgs/srv/detail/release_charger__rosidl_typesupport_fastrtps_c.h\n'}
[4.749485] (robot_msgs) StdoutLine: {'line': b'-- Installing: /home/g83r/Desktop/uga/hero-lab/heroswarmv2/ROS2/humble_ws/install/robot_msgs/include/robot_msgs/robot_msgs/srv/detail/get_charger__rosidl_typesupport_fastrtps_c.h\n'}
[4.749559] (robot_msgs) StdoutLine: {'line': b'-- Up-to-date: /home/g83r/Desktop/uga/hero-lab/heroswarmv2/ROS2/humble_ws/install/robot_msgs/include/robot_msgs/robot_msgs/msg\n'}
[4.749637] (robot_msgs) StdoutLine: {'line': b'-- Up-to-date: /home/g83r/Desktop/uga/hero-lab/heroswarmv2/ROS2/humble_ws/install/robot_msgs/include/robot_msgs/robot_msgs/msg/detail\n'}
[4.749741] (robot_msgs) StdoutLine: {'line': b'-- Installing: /home/g83r/Desktop/uga/hero-lab/heroswarmv2/ROS2/humble_ws/install/robot_msgs/include/robot_msgs/robot_msgs/msg/detail/dock_enable__rosidl_typesupport_fastrtps_c.h\n'}
[4.749887] (robot_msgs) StdoutLine: {'line': b'-- Installing: /home/g83r/Desktop/uga/hero-lab/heroswarmv2/ROS2/humble_ws/install/robot_msgs/include/robot_msgs/robot_msgs/msg/detail/sensor_enable__rosidl_typesupport_fastrtps_c.h\n'}
[4.749977] (robot_msgs) StdoutLine: {'line': b'-- Installing: /home/g83r/Desktop/uga/hero-lab/heroswarmv2/ROS2/humble_ws/install/robot_msgs/include/robot_msgs/robot_msgs/msg/detail/light__rosidl_typesupport_fastrtps_c.h\n'}
[4.750049] (robot_msgs) StdoutLine: {'line': b'-- Installing: /home/g83r/Desktop/uga/hero-lab/heroswarmv2/ROS2/humble_ws/install/robot_msgs/include/robot_msgs/robot_msgs/msg/detail/string_list__rosidl_typesupport_fastrtps_c.h\n'}
[4.750121] (robot_msgs) StdoutLine: {'line': b'-- Installing: /home/g83r/Desktop/uga/hero-lab/heroswarmv2/ROS2/humble_ws/install/robot_msgs/include/robot_msgs/robot_msgs/msg/detail/distance_sensor__rosidl_typesupport_fastrtps_c.h\n'}
[4.750226] (robot_msgs) StdoutLine: {'line': b'-- Installing: /home/g83r/Desktop/uga/hero-lab/heroswarmv2/ROS2/humble_ws/install/robot_msgs/include/robot_msgs/robot_msgs/msg/detail/battery_status__rosidl_typesupport_fastrtps_c.h\n'}
[4.750339] (robot_msgs) StdoutLine: {'line': b'-- Installing: /home/g83r/Desktop/uga/hero-lab/heroswarmv2/ROS2/humble_ws/install/robot_msgs/include/robot_msgs/robot_msgs/msg/detail/robot_pos__rosidl_typesupport_fastrtps_c.h\n'}
[4.750439] (robot_msgs) StdoutLine: {'line': b'-- Installing: /home/g83r/Desktop/uga/hero-lab/heroswarmv2/ROS2/humble_ws/install/robot_msgs/include/robot_msgs/robot_msgs/msg/detail/environment__rosidl_typesupport_fastrtps_c.h\n'}
[4.750507] (robot_msgs) StdoutLine: {'line': b'-- Installing: /home/g83r/Desktop/uga/hero-lab/heroswarmv2/ROS2/humble_ws/install/robot_msgs/include/robot_msgs/robot_msgs/msg/rosidl_typesupport_fastrtps_c__visibility_control.h\n'}
[4.750572] (robot_msgs) StdoutLine: {'line': b'-- Installing: /home/g83r/Desktop/uga/hero-lab/heroswarmv2/ROS2/humble_ws/install/robot_msgs/lib/librobot_msgs__rosidl_typesupport_fastrtps_c.so\n'}
[4.750840] (robot_msgs) StdoutLine: {'line': b'-- Set runtime path of "/home/g83r/Desktop/uga/hero-lab/heroswarmv2/ROS2/humble_ws/install/robot_msgs/lib/librobot_msgs__rosidl_typesupport_fastrtps_c.so" to ""\n'}
[4.750915] (robot_msgs) StdoutLine: {'line': b'-- Up-to-date: /home/g83r/Desktop/uga/hero-lab/heroswarmv2/ROS2/humble_ws/install/robot_msgs/include/robot_msgs/robot_msgs\n'}
[4.751029] (robot_msgs) StdoutLine: {'line': b'-- Up-to-date: /home/g83r/Desktop/uga/hero-lab/heroswarmv2/ROS2/humble_ws/install/robot_msgs/include/robot_msgs/robot_msgs/srv\n'}
[4.751094] (robot_msgs) StdoutLine: {'line': b'-- Up-to-date: /home/g83r/Desktop/uga/hero-lab/heroswarmv2/ROS2/humble_ws/install/robot_msgs/include/robot_msgs/robot_msgs/srv/detail\n'}
[4.751154] (robot_msgs) StdoutLine: {'line': b'-- Installing: /home/g83r/Desktop/uga/hero-lab/heroswarmv2/ROS2/humble_ws/install/robot_msgs/include/robot_msgs/robot_msgs/srv/detail/get_charger__traits.hpp\n'}
[4.751237] (robot_msgs) StdoutLine: {'line': b'-- Installing: /home/g83r/Desktop/uga/hero-lab/heroswarmv2/ROS2/humble_ws/install/robot_msgs/include/robot_msgs/robot_msgs/srv/detail/release_charger__builder.hpp\n'}
[4.751340] (robot_msgs) StdoutLine: {'line': b'-- Installing: /home/g83r/Desktop/uga/hero-lab/heroswarmv2/ROS2/humble_ws/install/robot_msgs/include/robot_msgs/robot_msgs/srv/detail/get_charger__struct.hpp\n'}
[4.751398] (robot_msgs) StdoutLine: {'line': b'-- Installing: /home/g83r/Desktop/uga/hero-lab/heroswarmv2/ROS2/humble_ws/install/robot_msgs/include/robot_msgs/robot_msgs/srv/detail/get_charger__type_support.hpp\n'}
[4.751480] (robot_msgs) StdoutLine: {'line': b'-- Installing: /home/g83r/Desktop/uga/hero-lab/heroswarmv2/ROS2/humble_ws/install/robot_msgs/include/robot_msgs/robot_msgs/srv/detail/get_charger__builder.hpp\n'}
[4.751538] (robot_msgs) StdoutLine: {'line': b'-- Installing: /home/g83r/Desktop/uga/hero-lab/heroswarmv2/ROS2/humble_ws/install/robot_msgs/include/robot_msgs/robot_msgs/srv/detail/release_charger__type_support.hpp\n'}
[4.751623] (robot_msgs) StdoutLine: {'line': b'-- Installing: /home/g83r/Desktop/uga/hero-lab/heroswarmv2/ROS2/humble_ws/install/robot_msgs/include/robot_msgs/robot_msgs/srv/detail/release_charger__struct.hpp\n'}
[4.751681] (robot_msgs) StdoutLine: {'line': b'-- Installing: /home/g83r/Desktop/uga/hero-lab/heroswarmv2/ROS2/humble_ws/install/robot_msgs/include/robot_msgs/robot_msgs/srv/detail/release_charger__traits.hpp\n'}
[4.751769] (robot_msgs) StdoutLine: {'line': b'-- Installing: /home/g83r/Desktop/uga/hero-lab/heroswarmv2/ROS2/humble_ws/install/robot_msgs/include/robot_msgs/robot_msgs/srv/get_charger.hpp\n'}
[4.751824] (robot_msgs) StdoutLine: {'line': b'-- Installing: /home/g83r/Desktop/uga/hero-lab/heroswarmv2/ROS2/humble_ws/install/robot_msgs/include/robot_msgs/robot_msgs/srv/release_charger.hpp\n'}
[4.751911] (robot_msgs) StdoutLine: {'line': b'-- Up-to-date: /home/g83r/Desktop/uga/hero-lab/heroswarmv2/ROS2/humble_ws/install/robot_msgs/include/robot_msgs/robot_msgs/msg\n'}
[4.751976] (robot_msgs) StdoutLine: {'line': b'-- Installing: /home/g83r/Desktop/uga/hero-lab/heroswarmv2/ROS2/humble_ws/install/robot_msgs/include/robot_msgs/robot_msgs/msg/distance_sensor.hpp\n'}
[4.752065] (robot_msgs) StdoutLine: {'line': b'-- Installing: /home/g83r/Desktop/uga/hero-lab/heroswarmv2/ROS2/humble_ws/install/robot_msgs/include/robot_msgs/robot_msgs/msg/string_list.hpp\n'}
[4.752124] (robot_msgs) StdoutLine: {'line': b'-- Up-to-date: /home/g83r/Desktop/uga/hero-lab/heroswarmv2/ROS2/humble_ws/install/robot_msgs/include/robot_msgs/robot_msgs/msg/detail\n'}
[4.752209] (robot_msgs) StdoutLine: {'line': b'-- Installing: /home/g83r/Desktop/uga/hero-lab/heroswarmv2/ROS2/humble_ws/install/robot_msgs/include/robot_msgs/robot_msgs/msg/detail/light__type_support.hpp\n'}
[4.752274] (robot_msgs) StdoutLine: {'line': b'-- Installing: /home/g83r/Desktop/uga/hero-lab/heroswarmv2/ROS2/humble_ws/install/robot_msgs/include/robot_msgs/robot_msgs/msg/detail/environment__struct.hpp\n'}
[4.752351] (robot_msgs) StdoutLine: {'line': b'-- Installing: /home/g83r/Desktop/uga/hero-lab/heroswarmv2/ROS2/humble_ws/install/robot_msgs/include/robot_msgs/robot_msgs/msg/detail/sensor_enable__traits.hpp\n'}
[4.752439] (robot_msgs) StdoutLine: {'line': b'-- Installing: /home/g83r/Desktop/uga/hero-lab/heroswarmv2/ROS2/humble_ws/install/robot_msgs/include/robot_msgs/robot_msgs/msg/detail/string_list__builder.hpp\n'}
[4.752493] (robot_msgs) StdoutLine: {'line': b'-- Installing: /home/g83r/Desktop/uga/hero-lab/heroswarmv2/ROS2/humble_ws/install/robot_msgs/include/robot_msgs/robot_msgs/msg/detail/distance_sensor__type_support.hpp\n'}
[4.752577] (robot_msgs) StdoutLine: {'line': b'-- Installing: /home/g83r/Desktop/uga/hero-lab/heroswarmv2/ROS2/humble_ws/install/robot_msgs/include/robot_msgs/robot_msgs/msg/detail/environment__traits.hpp\n'}
[4.752631] (robot_msgs) StdoutLine: {'line': b'-- Installing: /home/g83r/Desktop/uga/hero-lab/heroswarmv2/ROS2/humble_ws/install/robot_msgs/include/robot_msgs/robot_msgs/msg/detail/string_list__traits.hpp\n'}
[4.752707] (robot_msgs) StdoutLine: {'line': b'-- Installing: /home/g83r/Desktop/uga/hero-lab/heroswarmv2/ROS2/humble_ws/install/robot_msgs/include/robot_msgs/robot_msgs/msg/detail/string_list__struct.hpp\n'}
[4.752785] (robot_msgs) StdoutLine: {'line': b'-- Installing: /home/g83r/Desktop/uga/hero-lab/heroswarmv2/ROS2/humble_ws/install/robot_msgs/include/robot_msgs/robot_msgs/msg/detail/light__struct.hpp\n'}
[4.752865] (robot_msgs) StdoutLine: {'line': b'-- Installing: /home/g83r/Desktop/uga/hero-lab/heroswarmv2/ROS2/humble_ws/install/robot_msgs/include/robot_msgs/robot_msgs/msg/detail/robot_pos__struct.hpp\n'}
[4.752946] (robot_msgs) StdoutLine: {'line': b'-- Installing: /home/g83r/Desktop/uga/hero-lab/heroswarmv2/ROS2/humble_ws/install/robot_msgs/include/robot_msgs/robot_msgs/msg/detail/robot_pos__type_support.hpp\n'}
[4.753026] (robot_msgs) StdoutLine: {'line': b'-- Installing: /home/g83r/Desktop/uga/hero-lab/heroswarmv2/ROS2/humble_ws/install/robot_msgs/include/robot_msgs/robot_msgs/msg/detail/light__traits.hpp\n'}
[4.753094] (robot_msgs) StdoutLine: {'line': b'-- Installing: /home/g83r/Desktop/uga/hero-lab/heroswarmv2/ROS2/humble_ws/install/robot_msgs/include/robot_msgs/robot_msgs/msg/detail/robot_pos__traits.hpp\n'}
[4.753161] (robot_msgs) StdoutLine: {'line': b'-- Installing: /home/g83r/Desktop/uga/hero-lab/heroswarmv2/ROS2/humble_ws/install/robot_msgs/include/robot_msgs/robot_msgs/msg/detail/dock_enable__builder.hpp\n'}
[4.753228] (robot_msgs) StdoutLine: {'line': b'-- Installing: /home/g83r/Desktop/uga/hero-lab/heroswarmv2/ROS2/humble_ws/install/robot_msgs/include/robot_msgs/robot_msgs/msg/detail/distance_sensor__builder.hpp\n'}
[4.753309] (robot_msgs) StdoutLine: {'line': b'-- Installing: /home/g83r/Desktop/uga/hero-lab/heroswarmv2/ROS2/humble_ws/install/robot_msgs/include/robot_msgs/robot_msgs/msg/detail/battery_status__builder.hpp\n'}
[4.753385] (robot_msgs) StdoutLine: {'line': b'-- Installing: /home/g83r/Desktop/uga/hero-lab/heroswarmv2/ROS2/humble_ws/install/robot_msgs/include/robot_msgs/robot_msgs/msg/detail/distance_sensor__traits.hpp\n'}
[4.753462] (robot_msgs) StdoutLine: {'line': b'-- Installing: /home/g83r/Desktop/uga/hero-lab/heroswarmv2/ROS2/humble_ws/install/robot_msgs/include/robot_msgs/robot_msgs/msg/detail/battery_status__struct.hpp\n'}
[4.753540] (robot_msgs) StdoutLine: {'line': b'-- Installing: /home/g83r/Desktop/uga/hero-lab/heroswarmv2/ROS2/humble_ws/install/robot_msgs/include/robot_msgs/robot_msgs/msg/detail/string_list__type_support.hpp\n'}
[4.753616] (robot_msgs) StdoutLine: {'line': b'-- Installing: /home/g83r/Desktop/uga/hero-lab/heroswarmv2/ROS2/humble_ws/install/robot_msgs/include/robot_msgs/robot_msgs/msg/detail/light__builder.hpp\n'}
[4.753690] (robot_msgs) StdoutLine: {'line': b'-- Installing: /home/g83r/Desktop/uga/hero-lab/heroswarmv2/ROS2/humble_ws/install/robot_msgs/include/robot_msgs/robot_msgs/msg/detail/robot_pos__builder.hpp\n'}
[4.753769] (robot_msgs) StdoutLine: {'line': b'-- Installing: /home/g83r/Desktop/uga/hero-lab/heroswarmv2/ROS2/humble_ws/install/robot_msgs/include/robot_msgs/robot_msgs/msg/detail/dock_enable__traits.hpp\n'}
[4.753843] (robot_msgs) StdoutLine: {'line': b'-- Installing: /home/g83r/Desktop/uga/hero-lab/heroswarmv2/ROS2/humble_ws/install/robot_msgs/include/robot_msgs/robot_msgs/msg/detail/sensor_enable__struct.hpp\n'}
[4.753933] (robot_msgs) StdoutLine: {'line': b'-- Installing: /home/g83r/Desktop/uga/hero-lab/heroswarmv2/ROS2/humble_ws/install/robot_msgs/include/robot_msgs/robot_msgs/msg/detail/dock_enable__struct.hpp\n'}
[4.754005] (robot_msgs) StdoutLine: {'line': b'-- Installing: /home/g83r/Desktop/uga/hero-lab/heroswarmv2/ROS2/humble_ws/install/robot_msgs/include/robot_msgs/robot_msgs/msg/detail/sensor_enable__builder.hpp\n'}
[4.754077] (robot_msgs) StdoutLine: {'line': b'-- Installing: /home/g83r/Desktop/uga/hero-lab/heroswarmv2/ROS2/humble_ws/install/robot_msgs/include/robot_msgs/robot_msgs/msg/detail/battery_status__traits.hpp\n'}
[4.754146] (robot_msgs) StdoutLine: {'line': b'-- Installing: /home/g83r/Desktop/uga/hero-lab/heroswarmv2/ROS2/humble_ws/install/robot_msgs/include/robot_msgs/robot_msgs/msg/detail/dock_enable__type_support.hpp\n'}
[4.754215] (robot_msgs) StdoutLine: {'line': b'-- Installing: /home/g83r/Desktop/uga/hero-lab/heroswarmv2/ROS2/humble_ws/install/robot_msgs/include/robot_msgs/robot_msgs/msg/detail/environment__builder.hpp\n'}
[4.754285] (robot_msgs) StdoutLine: {'line': b'-- Installing: /home/g83r/Desktop/uga/hero-lab/heroswarmv2/ROS2/humble_ws/install/robot_msgs/include/robot_msgs/robot_msgs/msg/detail/sensor_enable__type_support.hpp\n'}
[4.754358] (robot_msgs) StdoutLine: {'line': b'-- Installing: /home/g83r/Desktop/uga/hero-lab/heroswarmv2/ROS2/humble_ws/install/robot_msgs/include/robot_msgs/robot_msgs/msg/detail/distance_sensor__struct.hpp\n'}
[4.754431] (robot_msgs) StdoutLine: {'line': b'-- Installing: /home/g83r/Desktop/uga/hero-lab/heroswarmv2/ROS2/humble_ws/install/robot_msgs/include/robot_msgs/robot_msgs/msg/detail/battery_status__type_support.hpp\n'}
[4.754502] (robot_msgs) StdoutLine: {'line': b'-- Installing: /home/g83r/Desktop/uga/hero-lab/heroswarmv2/ROS2/humble_ws/install/robot_msgs/include/robot_msgs/robot_msgs/msg/detail/environment__type_support.hpp\n'}
[4.754577] (robot_msgs) StdoutLine: {'line': b'-- Installing: /home/g83r/Desktop/uga/hero-lab/heroswarmv2/ROS2/humble_ws/install/robot_msgs/include/robot_msgs/robot_msgs/msg/sensor_enable.hpp\n'}
[4.754642] (robot_msgs) StdoutLine: {'line': b'-- Installing: /home/g83r/Desktop/uga/hero-lab/heroswarmv2/ROS2/humble_ws/install/robot_msgs/include/robot_msgs/robot_msgs/msg/environment.hpp\n'}
[4.754706] (robot_msgs) StdoutLine: {'line': b'-- Installing: /home/g83r/Desktop/uga/hero-lab/heroswarmv2/ROS2/humble_ws/install/robot_msgs/include/robot_msgs/robot_msgs/msg/light.hpp\n'}
[4.754769] (robot_msgs) StdoutLine: {'line': b'-- Installing: /home/g83r/Desktop/uga/hero-lab/heroswarmv2/ROS2/humble_ws/install/robot_msgs/include/robot_msgs/robot_msgs/msg/robot_pos.hpp\n'}
[4.754833] (robot_msgs) StdoutLine: {'line': b'-- Installing: /home/g83r/Desktop/uga/hero-lab/heroswarmv2/ROS2/humble_ws/install/robot_msgs/include/robot_msgs/robot_msgs/msg/battery_status.hpp\n'}
[4.754891] (robot_msgs) StdoutLine: {'line': b'-- Installing: /home/g83r/Desktop/uga/hero-lab/heroswarmv2/ROS2/humble_ws/install/robot_msgs/include/robot_msgs/robot_msgs/msg/dock_enable.hpp\n'}
[4.754959] (robot_msgs) StdoutLine: {'line': b'-- Installing: /home/g83r/Desktop/uga/hero-lab/heroswarmv2/ROS2/humble_ws/install/robot_msgs/include/robot_msgs/robot_msgs/msg/rosidl_generator_cpp__visibility_control.hpp\n'}
[4.755059] (robot_msgs) StdoutLine: {'line': b'-- Up-to-date: /home/g83r/Desktop/uga/hero-lab/heroswarmv2/ROS2/humble_ws/install/robot_msgs/include/robot_msgs/robot_msgs\n'}
[4.755130] (robot_msgs) StdoutLine: {'line': b'-- Up-to-date: /home/g83r/Desktop/uga/hero-lab/heroswarmv2/ROS2/humble_ws/install/robot_msgs/include/robot_msgs/robot_msgs/srv\n'}
[4.755175] (robot_msgs) StdoutLine: {'line': b'-- Up-to-date: /home/g83r/Desktop/uga/hero-lab/heroswarmv2/ROS2/humble_ws/install/robot_msgs/include/robot_msgs/robot_msgs/srv/detail\n'}
[4.755232] (robot_msgs) StdoutLine: {'line': b'-- Installing: /home/g83r/Desktop/uga/hero-lab/heroswarmv2/ROS2/humble_ws/install/robot_msgs/include/robot_msgs/robot_msgs/srv/detail/get_charger__rosidl_typesupport_fastrtps_cpp.hpp\n'}
[4.755290] (robot_msgs) StdoutLine: {'line': b'-- Installing: /home/g83r/Desktop/uga/hero-lab/heroswarmv2/ROS2/humble_ws/install/robot_msgs/include/robot_msgs/robot_msgs/srv/detail/release_charger__rosidl_typesupport_fastrtps_cpp.hpp\n'}
[4.755331] (robot_msgs) StdoutLine: {'line': b'-- Installing: /home/g83r/Desktop/uga/hero-lab/heroswarmv2/ROS2/humble_ws/install/robot_msgs/include/robot_msgs/robot_msgs/srv/detail/dds_fastrtps\n'}
[4.755389] (robot_msgs) StdoutLine: {'line': b'-- Up-to-date: /home/g83r/Desktop/uga/hero-lab/heroswarmv2/ROS2/humble_ws/install/robot_msgs/include/robot_msgs/robot_msgs/msg\n'}
[4.755460] (robot_msgs) StdoutLine: {'line': b'-- Up-to-date: /home/g83r/Desktop/uga/hero-lab/heroswarmv2/ROS2/humble_ws/install/robot_msgs/include/robot_msgs/robot_msgs/msg/detail\n'}
[4.755502] (robot_msgs) StdoutLine: {'line': b'-- Installing: /home/g83r/Desktop/uga/hero-lab/heroswarmv2/ROS2/humble_ws/install/robot_msgs/include/robot_msgs/robot_msgs/msg/detail/battery_status__rosidl_typesupport_fastrtps_cpp.hpp\n'}
[4.755560] (robot_msgs) StdoutLine: {'line': b'-- Installing: /home/g83r/Desktop/uga/hero-lab/heroswarmv2/ROS2/humble_ws/install/robot_msgs/include/robot_msgs/robot_msgs/msg/detail/robot_pos__rosidl_typesupport_fastrtps_cpp.hpp\n'}
[4.755603] (robot_msgs) StdoutLine: {'line': b'-- Installing: /home/g83r/Desktop/uga/hero-lab/heroswarmv2/ROS2/humble_ws/install/robot_msgs/include/robot_msgs/robot_msgs/msg/detail/dock_enable__rosidl_typesupport_fastrtps_cpp.hpp\n'}
[4.755668] (robot_msgs) StdoutLine: {'line': b'-- Installing: /home/g83r/Desktop/uga/hero-lab/heroswarmv2/ROS2/humble_ws/install/robot_msgs/include/robot_msgs/robot_msgs/msg/detail/environment__rosidl_typesupport_fastrtps_cpp.hpp\n'}
[4.755711] (robot_msgs) StdoutLine: {'line': b'-- Installing: /home/g83r/Desktop/uga/hero-lab/heroswarmv2/ROS2/humble_ws/install/robot_msgs/include/robot_msgs/robot_msgs/msg/detail/string_list__rosidl_typesupport_fastrtps_cpp.hpp\n'}
[4.755770] (robot_msgs) StdoutLine: {'line': b'-- Installing: /home/g83r/Desktop/uga/hero-lab/heroswarmv2/ROS2/humble_ws/install/robot_msgs/include/robot_msgs/robot_msgs/msg/detail/light__rosidl_typesupport_fastrtps_cpp.hpp\n'}
[4.755830] (robot_msgs) StdoutLine: {'line': b'-- Installing: /home/g83r/Desktop/uga/hero-lab/heroswarmv2/ROS2/humble_ws/install/robot_msgs/include/robot_msgs/robot_msgs/msg/detail/dds_fastrtps\n'}
[4.755890] (robot_msgs) StdoutLine: {'line': b'-- Installing: /home/g83r/Desktop/uga/hero-lab/heroswarmv2/ROS2/humble_ws/install/robot_msgs/include/robot_msgs/robot_msgs/msg/detail/sensor_enable__rosidl_typesupport_fastrtps_cpp.hpp\n'}
[4.755956] (robot_msgs) StdoutLine: {'line': b'-- Installing: /home/g83r/Desktop/uga/hero-lab/heroswarmv2/ROS2/humble_ws/install/robot_msgs/include/robot_msgs/robot_msgs/msg/detail/distance_sensor__rosidl_typesupport_fastrtps_cpp.hpp\n'}
[4.756015] (robot_msgs) StdoutLine: {'line': b'-- Installing: /home/g83r/Desktop/uga/hero-lab/heroswarmv2/ROS2/humble_ws/install/robot_msgs/include/robot_msgs/robot_msgs/msg/rosidl_typesupport_fastrtps_cpp__visibility_control.h\n'}
[4.756098] (robot_msgs) StdoutLine: {'line': b'-- Installing: /home/g83r/Desktop/uga/hero-lab/heroswarmv2/ROS2/humble_ws/install/robot_msgs/lib/librobot_msgs__rosidl_typesupport_fastrtps_cpp.so\n'}
[4.756361] (robot_msgs) StdoutLine: {'line': b'-- Set runtime path of "/home/g83r/Desktop/uga/hero-lab/heroswarmv2/ROS2/humble_ws/install/robot_msgs/lib/librobot_msgs__rosidl_typesupport_fastrtps_cpp.so" to ""\n'}
[4.756419] (robot_msgs) StdoutLine: {'line': b'-- Up-to-date: /home/g83r/Desktop/uga/hero-lab/heroswarmv2/ROS2/humble_ws/install/robot_msgs/include/robot_msgs/robot_msgs\n'}
[4.756461] (robot_msgs) StdoutLine: {'line': b'-- Up-to-date: /home/g83r/Desktop/uga/hero-lab/heroswarmv2/ROS2/humble_ws/install/robot_msgs/include/robot_msgs/robot_msgs/srv\n'}
[4.756514] (robot_msgs) StdoutLine: {'line': b'-- Up-to-date: /home/g83r/Desktop/uga/hero-lab/heroswarmv2/ROS2/humble_ws/install/robot_msgs/include/robot_msgs/robot_msgs/srv/detail\n'}
[4.756573] (robot_msgs) StdoutLine: {'line': b'-- Installing: /home/g83r/Desktop/uga/hero-lab/heroswarmv2/ROS2/humble_ws/install/robot_msgs/include/robot_msgs/robot_msgs/srv/detail/get_charger__type_support.c\n'}
[4.756613] (robot_msgs) StdoutLine: {'line': b'-- Installing: /home/g83r/Desktop/uga/hero-lab/heroswarmv2/ROS2/humble_ws/install/robot_msgs/include/robot_msgs/robot_msgs/srv/detail/release_charger__rosidl_typesupport_introspection_c.h\n'}
[4.756672] (robot_msgs) StdoutLine: {'line': b'-- Installing: /home/g83r/Desktop/uga/hero-lab/heroswarmv2/ROS2/humble_ws/install/robot_msgs/include/robot_msgs/robot_msgs/srv/detail/get_charger__rosidl_typesupport_introspection_c.h\n'}
[4.756709] (robot_msgs) StdoutLine: {'line': b'-- Installing: /home/g83r/Desktop/uga/hero-lab/heroswarmv2/ROS2/humble_ws/install/robot_msgs/include/robot_msgs/robot_msgs/srv/detail/release_charger__type_support.c\n'}
[4.756770] (robot_msgs) StdoutLine: {'line': b'-- Up-to-date: /home/g83r/Desktop/uga/hero-lab/heroswarmv2/ROS2/humble_ws/install/robot_msgs/include/robot_msgs/robot_msgs/msg\n'}
[4.756807] (robot_msgs) StdoutLine: {'line': b'-- Up-to-date: /home/g83r/Desktop/uga/hero-lab/heroswarmv2/ROS2/humble_ws/install/robot_msgs/include/robot_msgs/robot_msgs/msg/detail\n'}
[4.756862] (robot_msgs) StdoutLine: {'line': b'-- Installing: /home/g83r/Desktop/uga/hero-lab/heroswarmv2/ROS2/humble_ws/install/robot_msgs/include/robot_msgs/robot_msgs/msg/detail/string_list__rosidl_typesupport_introspection_c.h\n'}
[4.756905] (robot_msgs) StdoutLine: {'line': b'-- Installing: /home/g83r/Desktop/uga/hero-lab/heroswarmv2/ROS2/humble_ws/install/robot_msgs/include/robot_msgs/robot_msgs/msg/detail/battery_status__type_support.c\n'}
[4.756968] (robot_msgs) StdoutLine: {'line': b'-- Installing: /home/g83r/Desktop/uga/hero-lab/heroswarmv2/ROS2/humble_ws/install/robot_msgs/include/robot_msgs/robot_msgs/msg/detail/sensor_enable__rosidl_typesupport_introspection_c.h\n'}
[4.757009] (robot_msgs) StdoutLine: {'line': b'-- Installing: /home/g83r/Desktop/uga/hero-lab/heroswarmv2/ROS2/humble_ws/install/robot_msgs/include/robot_msgs/robot_msgs/msg/detail/distance_sensor__type_support.c\n'}
[4.757065] (robot_msgs) StdoutLine: {'line': b'-- Installing: /home/g83r/Desktop/uga/hero-lab/heroswarmv2/ROS2/humble_ws/install/robot_msgs/include/robot_msgs/robot_msgs/msg/detail/sensor_enable__type_support.c\n'}
[4.757122] (robot_msgs) StdoutLine: {'line': b'-- Installing: /home/g83r/Desktop/uga/hero-lab/heroswarmv2/ROS2/humble_ws/install/robot_msgs/include/robot_msgs/robot_msgs/msg/detail/string_list__type_support.c\n'}
[4.757180] (robot_msgs) StdoutLine: {'line': b'-- Installing: /home/g83r/Desktop/uga/hero-lab/heroswarmv2/ROS2/humble_ws/install/robot_msgs/include/robot_msgs/robot_msgs/msg/detail/light__type_support.c\n'}
[4.757238] (robot_msgs) StdoutLine: {'line': b'-- Installing: /home/g83r/Desktop/uga/hero-lab/heroswarmv2/ROS2/humble_ws/install/robot_msgs/include/robot_msgs/robot_msgs/msg/detail/light__rosidl_typesupport_introspection_c.h\n'}
[4.757295] (robot_msgs) StdoutLine: {'line': b'-- Installing: /home/g83r/Desktop/uga/hero-lab/heroswarmv2/ROS2/humble_ws/install/robot_msgs/include/robot_msgs/robot_msgs/msg/detail/battery_status__rosidl_typesupport_introspection_c.h\n'}
[4.757352] (robot_msgs) StdoutLine: {'line': b'-- Installing: /home/g83r/Desktop/uga/hero-lab/heroswarmv2/ROS2/humble_ws/install/robot_msgs/include/robot_msgs/robot_msgs/msg/detail/distance_sensor__rosidl_typesupport_introspection_c.h\n'}
[4.757408] (robot_msgs) StdoutLine: {'line': b'-- Installing: /home/g83r/Desktop/uga/hero-lab/heroswarmv2/ROS2/humble_ws/install/robot_msgs/include/robot_msgs/robot_msgs/msg/detail/environment__rosidl_typesupport_introspection_c.h\n'}
[4.757461] (robot_msgs) StdoutLine: {'line': b'-- Installing: /home/g83r/Desktop/uga/hero-lab/heroswarmv2/ROS2/humble_ws/install/robot_msgs/include/robot_msgs/robot_msgs/msg/detail/dock_enable__type_support.c\n'}
[4.757510] (robot_msgs) StdoutLine: {'line': b'-- Installing: /home/g83r/Desktop/uga/hero-lab/heroswarmv2/ROS2/humble_ws/install/robot_msgs/include/robot_msgs/robot_msgs/msg/detail/dock_enable__rosidl_typesupport_introspection_c.h\n'}
[4.757569] (robot_msgs) StdoutLine: {'line': b'-- Installing: /home/g83r/Desktop/uga/hero-lab/heroswarmv2/ROS2/humble_ws/install/robot_msgs/include/robot_msgs/robot_msgs/msg/detail/robot_pos__type_support.c\n'}
[4.757626] (robot_msgs) StdoutLine: {'line': b'-- Installing: /home/g83r/Desktop/uga/hero-lab/heroswarmv2/ROS2/humble_ws/install/robot_msgs/include/robot_msgs/robot_msgs/msg/detail/environment__type_support.c\n'}
[4.757686] (robot_msgs) StdoutLine: {'line': b'-- Installing: /home/g83r/Desktop/uga/hero-lab/heroswarmv2/ROS2/humble_ws/install/robot_msgs/include/robot_msgs/robot_msgs/msg/detail/robot_pos__rosidl_typesupport_introspection_c.h\n'}
[4.757741] (robot_msgs) StdoutLine: {'line': b'-- Installing: /home/g83r/Desktop/uga/hero-lab/heroswarmv2/ROS2/humble_ws/install/robot_msgs/include/robot_msgs/robot_msgs/msg/rosidl_typesupport_introspection_c__visibility_control.h\n'}
[4.757839] (robot_msgs) StdoutLine: {'line': b'-- Installing: /home/g83r/Desktop/uga/hero-lab/heroswarmv2/ROS2/humble_ws/install/robot_msgs/lib/librobot_msgs__rosidl_typesupport_introspection_c.so\n'}
[4.758040] (robot_msgs) StdoutLine: {'line': b'-- Set runtime path of "/home/g83r/Desktop/uga/hero-lab/heroswarmv2/ROS2/humble_ws/install/robot_msgs/lib/librobot_msgs__rosidl_typesupport_introspection_c.so" to ""\n'}
[4.758098] (robot_msgs) StdoutLine: {'line': b'-- Installing: /home/g83r/Desktop/uga/hero-lab/heroswarmv2/ROS2/humble_ws/install/robot_msgs/lib/librobot_msgs__rosidl_typesupport_c.so\n'}
[4.758262] (robot_msgs) StdoutLine: {'line': b'-- Set runtime path of "/home/g83r/Desktop/uga/hero-lab/heroswarmv2/ROS2/humble_ws/install/robot_msgs/lib/librobot_msgs__rosidl_typesupport_c.so" to ""\n'}
[4.758311] (robot_msgs) StdoutLine: {'line': b'-- Up-to-date: /home/g83r/Desktop/uga/hero-lab/heroswarmv2/ROS2/humble_ws/install/robot_msgs/include/robot_msgs/robot_msgs\n'}
[4.758355] (robot_msgs) StdoutLine: {'line': b'-- Up-to-date: /home/g83r/Desktop/uga/hero-lab/heroswarmv2/ROS2/humble_ws/install/robot_msgs/include/robot_msgs/robot_msgs/srv\n'}
[4.758407] (robot_msgs) StdoutLine: {'line': b'-- Up-to-date: /home/g83r/Desktop/uga/hero-lab/heroswarmv2/ROS2/humble_ws/install/robot_msgs/include/robot_msgs/robot_msgs/srv/detail\n'}
[4.758437] (robot_msgs) StdoutLine: {'line': b'-- Installing: /home/g83r/Desktop/uga/hero-lab/heroswarmv2/ROS2/humble_ws/install/robot_msgs/include/robot_msgs/robot_msgs/srv/detail/release_charger__rosidl_typesupport_introspection_cpp.hpp\n'}
[4.758479] (robot_msgs) StdoutLine: {'line': b'-- Installing: /home/g83r/Desktop/uga/hero-lab/heroswarmv2/ROS2/humble_ws/install/robot_msgs/include/robot_msgs/robot_msgs/srv/detail/get_charger__type_support.cpp\n'}
[4.758511] (robot_msgs) StdoutLine: {'line': b'-- Installing: /home/g83r/Desktop/uga/hero-lab/heroswarmv2/ROS2/humble_ws/install/robot_msgs/include/robot_msgs/robot_msgs/srv/detail/get_charger__rosidl_typesupport_introspection_cpp.hpp\n'}
[4.758554] (robot_msgs) StdoutLine: {'line': b'-- Installing: /home/g83r/Desktop/uga/hero-lab/heroswarmv2/ROS2/humble_ws/install/robot_msgs/include/robot_msgs/robot_msgs/srv/detail/release_charger__type_support.cpp\n'}
[4.758605] (robot_msgs) StdoutLine: {'line': b'-- Up-to-date: /home/g83r/Desktop/uga/hero-lab/heroswarmv2/ROS2/humble_ws/install/robot_msgs/include/robot_msgs/robot_msgs/msg\n'}
[4.758639] (robot_msgs) StdoutLine: {'line': b'-- Up-to-date: /home/g83r/Desktop/uga/hero-lab/heroswarmv2/ROS2/humble_ws/install/robot_msgs/include/robot_msgs/robot_msgs/msg/detail\n'}
[4.758680] (robot_msgs) StdoutLine: {'line': b'-- Installing: /home/g83r/Desktop/uga/hero-lab/heroswarmv2/ROS2/humble_ws/install/robot_msgs/include/robot_msgs/robot_msgs/msg/detail/robot_pos__rosidl_typesupport_introspection_cpp.hpp\n'}
[4.758712] (robot_msgs) StdoutLine: {'line': b'-- Installing: /home/g83r/Desktop/uga/hero-lab/heroswarmv2/ROS2/humble_ws/install/robot_msgs/include/robot_msgs/robot_msgs/msg/detail/sensor_enable__rosidl_typesupport_introspection_cpp.hpp\n'}
[4.758754] (robot_msgs) StdoutLine: {'line': b'-- Installing: /home/g83r/Desktop/uga/hero-lab/heroswarmv2/ROS2/humble_ws/install/robot_msgs/include/robot_msgs/robot_msgs/msg/detail/distance_sensor__type_support.cpp\n'}
[4.758803] (robot_msgs) StdoutLine: {'line': b'-- Installing: /home/g83r/Desktop/uga/hero-lab/heroswarmv2/ROS2/humble_ws/install/robot_msgs/include/robot_msgs/robot_msgs/msg/detail/robot_pos__type_support.cpp\n'}
[4.758831] (robot_msgs) StdoutLine: {'line': b'-- Installing: /home/g83r/Desktop/uga/hero-lab/heroswarmv2/ROS2/humble_ws/install/robot_msgs/include/robot_msgs/robot_msgs/msg/detail/dock_enable__rosidl_typesupport_introspection_cpp.hpp\n'}
[4.758867] (robot_msgs) StdoutLine: {'line': b'-- Installing: /home/g83r/Desktop/uga/hero-lab/heroswarmv2/ROS2/humble_ws/install/robot_msgs/include/robot_msgs/robot_msgs/msg/detail/distance_sensor__rosidl_typesupport_introspection_cpp.hpp\n'}
[4.758914] (robot_msgs) StdoutLine: {'line': b'-- Installing: /home/g83r/Desktop/uga/hero-lab/heroswarmv2/ROS2/humble_ws/install/robot_msgs/include/robot_msgs/robot_msgs/msg/detail/dock_enable__type_support.cpp\n'}
[4.759022] (robot_msgs) StdoutLine: {'line': b'-- Installing: /home/g83r/Desktop/uga/hero-lab/heroswarmv2/ROS2/humble_ws/install/robot_msgs/include/robot_msgs/robot_msgs/msg/detail/environment__rosidl_typesupport_introspection_cpp.hpp\n'}
[4.759066] (robot_msgs) StdoutLine: {'line': b'-- Installing: /home/g83r/Desktop/uga/hero-lab/heroswarmv2/ROS2/humble_ws/install/robot_msgs/include/robot_msgs/robot_msgs/msg/detail/string_list__type_support.cpp\n'}
[4.759112] (robot_msgs) StdoutLine: {'line': b'-- Installing: /home/g83r/Desktop/uga/hero-lab/heroswarmv2/ROS2/humble_ws/install/robot_msgs/include/robot_msgs/robot_msgs/msg/detail/sensor_enable__type_support.cpp\n'}
[4.759155] (robot_msgs) StdoutLine: {'line': b'-- Installing: /home/g83r/Desktop/uga/hero-lab/heroswarmv2/ROS2/humble_ws/install/robot_msgs/include/robot_msgs/robot_msgs/msg/detail/environment__type_support.cpp\n'}
[4.759201] (robot_msgs) StdoutLine: {'line': b'-- Installing: /home/g83r/Desktop/uga/hero-lab/heroswarmv2/ROS2/humble_ws/install/robot_msgs/include/robot_msgs/robot_msgs/msg/detail/light__rosidl_typesupport_introspection_cpp.hpp\n'}
[4.759245] (robot_msgs) StdoutLine: {'line': b'-- Installing: /home/g83r/Desktop/uga/hero-lab/heroswarmv2/ROS2/humble_ws/install/robot_msgs/include/robot_msgs/robot_msgs/msg/detail/battery_status__rosidl_typesupport_introspection_cpp.hpp\n'}
[4.759287] (robot_msgs) StdoutLine: {'line': b'-- Installing: /home/g83r/Desktop/uga/hero-lab/heroswarmv2/ROS2/humble_ws/install/robot_msgs/include/robot_msgs/robot_msgs/msg/detail/light__type_support.cpp\n'}
[4.759332] (robot_msgs) StdoutLine: {'line': b'-- Installing: /home/g83r/Desktop/uga/hero-lab/heroswarmv2/ROS2/humble_ws/install/robot_msgs/include/robot_msgs/robot_msgs/msg/detail/string_list__rosidl_typesupport_introspection_cpp.hpp\n'}
[4.759375] (robot_msgs) StdoutLine: {'line': b'-- Installing: /home/g83r/Desktop/uga/hero-lab/heroswarmv2/ROS2/humble_ws/install/robot_msgs/include/robot_msgs/robot_msgs/msg/detail/battery_status__type_support.cpp\n'}
[4.759451] (robot_msgs) StdoutLine: {'line': b'-- Installing: /home/g83r/Desktop/uga/hero-lab/heroswarmv2/ROS2/humble_ws/install/robot_msgs/lib/librobot_msgs__rosidl_typesupport_introspection_cpp.so\n'}
[4.759659] (robot_msgs) StdoutLine: {'line': b'-- Set runtime path of "/home/g83r/Desktop/uga/hero-lab/heroswarmv2/ROS2/humble_ws/install/robot_msgs/lib/librobot_msgs__rosidl_typesupport_introspection_cpp.so" to ""\n'}
[4.759699] (robot_msgs) StdoutLine: {'line': b'-- Installing: /home/g83r/Desktop/uga/hero-lab/heroswarmv2/ROS2/humble_ws/install/robot_msgs/lib/librobot_msgs__rosidl_typesupport_cpp.so\n'}
[4.759861] (robot_msgs) StdoutLine: {'line': b'-- Set runtime path of "/home/g83r/Desktop/uga/hero-lab/heroswarmv2/ROS2/humble_ws/install/robot_msgs/lib/librobot_msgs__rosidl_typesupport_cpp.so" to ""\n'}
[4.759899] (robot_msgs) StdoutLine: {'line': b'-- Installing: /home/g83r/Desktop/uga/hero-lab/heroswarmv2/ROS2/humble_ws/install/robot_msgs/share/robot_msgs/environment/pythonpath.sh\n'}
[4.759954] (robot_msgs) StdoutLine: {'line': b'-- Installing: /home/g83r/Desktop/uga/hero-lab/heroswarmv2/ROS2/humble_ws/install/robot_msgs/share/robot_msgs/environment/pythonpath.dsv\n'}
[4.760006] (robot_msgs) StdoutLine: {'line': b'-- Installing: /home/g83r/Desktop/uga/hero-lab/heroswarmv2/ROS2/humble_ws/install/robot_msgs/local/lib/python3.10/dist-packages/robot_msgs-0.0.0-py3.10.egg-info\n'}
[4.760089] (robot_msgs) StdoutLine: {'line': b'-- Installing: /home/g83r/Desktop/uga/hero-lab/heroswarmv2/ROS2/humble_ws/install/robot_msgs/local/lib/python3.10/dist-packages/robot_msgs-0.0.0-py3.10.egg-info/top_level.txt\n'}
[4.760133] (robot_msgs) StdoutLine: {'line': b'-- Installing: /home/g83r/Desktop/uga/hero-lab/heroswarmv2/ROS2/humble_ws/install/robot_msgs/local/lib/python3.10/dist-packages/robot_msgs-0.0.0-py3.10.egg-info/PKG-INFO\n'}
[4.760170] (robot_msgs) StdoutLine: {'line': b'-- Installing: /home/g83r/Desktop/uga/hero-lab/heroswarmv2/ROS2/humble_ws/install/robot_msgs/local/lib/python3.10/dist-packages/robot_msgs-0.0.0-py3.10.egg-info/dependency_links.txt\n'}
[4.760208] (robot_msgs) StdoutLine: {'line': b'-- Installing: /home/g83r/Desktop/uga/hero-lab/heroswarmv2/ROS2/humble_ws/install/robot_msgs/local/lib/python3.10/dist-packages/robot_msgs-0.0.0-py3.10.egg-info/SOURCES.txt\n'}
[4.760275] (robot_msgs) StdoutLine: {'line': b'-- Installing: /home/g83r/Desktop/uga/hero-lab/heroswarmv2/ROS2/humble_ws/install/robot_msgs/local/lib/python3.10/dist-packages/robot_msgs\n'}
[4.760314] (robot_msgs) StdoutLine: {'line': b'-- Installing: /home/g83r/Desktop/uga/hero-lab/heroswarmv2/ROS2/humble_ws/install/robot_msgs/local/lib/python3.10/dist-packages/robot_msgs/_robot_msgs_s.ep.rosidl_typesupport_fastrtps_c.c\n'}
[4.760388] (robot_msgs) StdoutLine: {'line': b'-- Installing: /home/g83r/Desktop/uga/hero-lab/heroswarmv2/ROS2/humble_ws/install/robot_msgs/local/lib/python3.10/dist-packages/robot_msgs/_robot_msgs_s.ep.rosidl_typesupport_introspection_c.c\n'}
[4.760466] (robot_msgs) StdoutLine: {'line': b'-- Installing: /home/g83r/Desktop/uga/hero-lab/heroswarmv2/ROS2/humble_ws/install/robot_msgs/local/lib/python3.10/dist-packages/robot_msgs/robot_msgs_s__rosidl_typesupport_introspection_c.cpython-310-x86_64-linux-gnu.so\n'}
[4.760530] (robot_msgs) StdoutLine: {'line': b'-- Installing: /home/g83r/Desktop/uga/hero-lab/heroswarmv2/ROS2/humble_ws/install/robot_msgs/local/lib/python3.10/dist-packages/robot_msgs/srv\n'}
[4.760570] (robot_msgs) StdoutLine: {'line': b'-- Installing: /home/g83r/Desktop/uga/hero-lab/heroswarmv2/ROS2/humble_ws/install/robot_msgs/local/lib/python3.10/dist-packages/robot_msgs/srv/_get_charger_s.c\n'}
[4.760609] (robot_msgs) StdoutLine: {'line': b'-- Installing: /home/g83r/Desktop/uga/hero-lab/heroswarmv2/ROS2/humble_ws/install/robot_msgs/local/lib/python3.10/dist-packages/robot_msgs/srv/_release_charger.py\n'}
[4.760656] (robot_msgs) StdoutLine: {'line': b'-- Installing: /home/g83r/Desktop/uga/hero-lab/heroswarmv2/ROS2/humble_ws/install/robot_msgs/local/lib/python3.10/dist-packages/robot_msgs/srv/_release_charger_s.c\n'}
[4.760697] (robot_msgs) StdoutLine: {'line': b'-- Installing: /home/g83r/Desktop/uga/hero-lab/heroswarmv2/ROS2/humble_ws/install/robot_msgs/local/lib/python3.10/dist-packages/robot_msgs/srv/__init__.py\n'}
[4.760736] (robot_msgs) StdoutLine: {'line': b'-- Installing: /home/g83r/Desktop/uga/hero-lab/heroswarmv2/ROS2/humble_ws/install/robot_msgs/local/lib/python3.10/dist-packages/robot_msgs/srv/_get_charger.py\n'}
[4.760782] (robot_msgs) StdoutLine: {'line': b'-- Installing: /home/g83r/Desktop/uga/hero-lab/heroswarmv2/ROS2/humble_ws/install/robot_msgs/local/lib/python3.10/dist-packages/robot_msgs/robot_msgs_s__rosidl_typesupport_c.cpython-310-x86_64-linux-gnu.so\n'}
[4.760842] (robot_msgs) StdoutLine: {'line': b'-- Installing: /home/g83r/Desktop/uga/hero-lab/heroswarmv2/ROS2/humble_ws/install/robot_msgs/local/lib/python3.10/dist-packages/robot_msgs/msg\n'}
[4.760879] (robot_msgs) StdoutLine: {'line': b'-- Installing: /home/g83r/Desktop/uga/hero-lab/heroswarmv2/ROS2/humble_ws/install/robot_msgs/local/lib/python3.10/dist-packages/robot_msgs/msg/_distance_sensor.py\n'}
[4.760931] (robot_msgs) StdoutLine: {'line': b'-- Installing: /home/g83r/Desktop/uga/hero-lab/heroswarmv2/ROS2/humble_ws/install/robot_msgs/local/lib/python3.10/dist-packages/robot_msgs/msg/_string_list.py\n'}
[4.760973] (robot_msgs) StdoutLine: {'line': b'-- Installing: /home/g83r/Desktop/uga/hero-lab/heroswarmv2/ROS2/humble_ws/install/robot_msgs/local/lib/python3.10/dist-packages/robot_msgs/msg/_sensor_enable.py\n'}
[4.761015] (robot_msgs) StdoutLine: {'line': b'-- Installing: /home/g83r/Desktop/uga/hero-lab/heroswarmv2/ROS2/humble_ws/install/robot_msgs/local/lib/python3.10/dist-packages/robot_msgs/msg/_robot_pos_s.c\n'}
[4.761059] (robot_msgs) StdoutLine: {'line': b'-- Installing: /home/g83r/Desktop/uga/hero-lab/heroswarmv2/ROS2/humble_ws/install/robot_msgs/local/lib/python3.10/dist-packages/robot_msgs/msg/_environment.py\n'}
[4.761101] (robot_msgs) StdoutLine: {'line': b'-- Installing: /home/g83r/Desktop/uga/hero-lab/heroswarmv2/ROS2/humble_ws/install/robot_msgs/local/lib/python3.10/dist-packages/robot_msgs/msg/_light.py\n'}
[4.761141] (robot_msgs) StdoutLine: {'line': b'-- Installing: /home/g83r/Desktop/uga/hero-lab/heroswarmv2/ROS2/humble_ws/install/robot_msgs/local/lib/python3.10/dist-packages/robot_msgs/msg/_sensor_enable_s.c\n'}
[4.761181] (robot_msgs) StdoutLine: {'line': b'-- Installing: /home/g83r/Desktop/uga/hero-lab/heroswarmv2/ROS2/humble_ws/install/robot_msgs/local/lib/python3.10/dist-packages/robot_msgs/msg/_battery_status.py\n'}
[4.761222] (robot_msgs) StdoutLine: {'line': b'-- Installing: /home/g83r/Desktop/uga/hero-lab/heroswarmv2/ROS2/humble_ws/install/robot_msgs/local/lib/python3.10/dist-packages/robot_msgs/msg/_battery_status_s.c\n'}
[4.761262] (robot_msgs) StdoutLine: {'line': b'-- Installing: /home/g83r/Desktop/uga/hero-lab/heroswarmv2/ROS2/humble_ws/install/robot_msgs/local/lib/python3.10/dist-packages/robot_msgs/msg/_string_list_s.c\n'}
[4.761303] (robot_msgs) StdoutLine: {'line': b'-- Installing: /home/g83r/Desktop/uga/hero-lab/heroswarmv2/ROS2/humble_ws/install/robot_msgs/local/lib/python3.10/dist-packages/robot_msgs/msg/_robot_pos.py\n'}
[4.761344] (robot_msgs) StdoutLine: {'line': b'-- Installing: /home/g83r/Desktop/uga/hero-lab/heroswarmv2/ROS2/humble_ws/install/robot_msgs/local/lib/python3.10/dist-packages/robot_msgs/msg/__init__.py\n'}
[4.761383] (robot_msgs) StdoutLine: {'line': b'-- Installing: /home/g83r/Desktop/uga/hero-lab/heroswarmv2/ROS2/humble_ws/install/robot_msgs/local/lib/python3.10/dist-packages/robot_msgs/msg/_light_s.c\n'}
[4.761425] (robot_msgs) StdoutLine: {'line': b'-- Installing: /home/g83r/Desktop/uga/hero-lab/heroswarmv2/ROS2/humble_ws/install/robot_msgs/local/lib/python3.10/dist-packages/robot_msgs/msg/_distance_sensor_s.c\n'}
[4.761466] (robot_msgs) StdoutLine: {'line': b'-- Installing: /home/g83r/Desktop/uga/hero-lab/heroswarmv2/ROS2/humble_ws/install/robot_msgs/local/lib/python3.10/dist-packages/robot_msgs/msg/_environment_s.c\n'}
[4.761507] (robot_msgs) StdoutLine: {'line': b'-- Installing: /home/g83r/Desktop/uga/hero-lab/heroswarmv2/ROS2/humble_ws/install/robot_msgs/local/lib/python3.10/dist-packages/robot_msgs/msg/_dock_enable_s.c\n'}
[4.761548] (robot_msgs) StdoutLine: {'line': b'-- Installing: /home/g83r/Desktop/uga/hero-lab/heroswarmv2/ROS2/humble_ws/install/robot_msgs/local/lib/python3.10/dist-packages/robot_msgs/msg/_dock_enable.py\n'}
[4.761596] (robot_msgs) StdoutLine: {'line': b'-- Installing: /home/g83r/Desktop/uga/hero-lab/heroswarmv2/ROS2/humble_ws/install/robot_msgs/local/lib/python3.10/dist-packages/robot_msgs/__init__.py\n'}
[4.761633] (robot_msgs) StdoutLine: {'line': b'-- Installing: /home/g83r/Desktop/uga/hero-lab/heroswarmv2/ROS2/humble_ws/install/robot_msgs/local/lib/python3.10/dist-packages/robot_msgs/librobot_msgs__rosidl_generator_py.so\n'}
[4.761703] (robot_msgs) StdoutLine: {'line': b'-- Installing: /home/g83r/Desktop/uga/hero-lab/heroswarmv2/ROS2/humble_ws/install/robot_msgs/local/lib/python3.10/dist-packages/robot_msgs/_robot_msgs_s.ep.rosidl_typesupport_c.c\n'}
[4.761770] (robot_msgs) StdoutLine: {'line': b'-- Installing: /home/g83r/Desktop/uga/hero-lab/heroswarmv2/ROS2/humble_ws/install/robot_msgs/local/lib/python3.10/dist-packages/robot_msgs/robot_msgs_s__rosidl_typesupport_fastrtps_c.cpython-310-x86_64-linux-gnu.so\n'}
[4.790522] (robot_msgs) StdoutLine: {'line': b"Listing '/home/g83r/Desktop/uga/hero-lab/heroswarmv2/ROS2/humble_ws/install/robot_msgs/local/lib/python3.10/dist-packages/robot_msgs'...\n"}
[4.790606] (robot_msgs) StdoutLine: {'line': b"Compiling '/home/g83r/Desktop/uga/hero-lab/heroswarmv2/ROS2/humble_ws/install/robot_msgs/local/lib/python3.10/dist-packages/robot_msgs/__init__.py'...\n"}
[4.790645] (robot_msgs) StdoutLine: {'line': b"Listing '/home/g83r/Desktop/uga/hero-lab/heroswarmv2/ROS2/humble_ws/install/robot_msgs/local/lib/python3.10/dist-packages/robot_msgs/msg'...\n"}
[4.790675] (robot_msgs) StdoutLine: {'line': b"Compiling '/home/g83r/Desktop/uga/hero-lab/heroswarmv2/ROS2/humble_ws/install/robot_msgs/local/lib/python3.10/dist-packages/robot_msgs/msg/__init__.py'...\n"}
[4.790703] (robot_msgs) StdoutLine: {'line': b"Compiling '/home/g83r/Desktop/uga/hero-lab/heroswarmv2/ROS2/humble_ws/install/robot_msgs/local/lib/python3.10/dist-packages/robot_msgs/msg/_battery_status.py'...\n"}
[4.790730] (robot_msgs) StdoutLine: {'line': b"Compiling '/home/g83r/Desktop/uga/hero-lab/heroswarmv2/ROS2/humble_ws/install/robot_msgs/local/lib/python3.10/dist-packages/robot_msgs/msg/_distance_sensor.py'...\n"}
[4.790757] (robot_msgs) StdoutLine: {'line': b"Compiling '/home/g83r/Desktop/uga/hero-lab/heroswarmv2/ROS2/humble_ws/install/robot_msgs/local/lib/python3.10/dist-packages/robot_msgs/msg/_dock_enable.py'...\n"}
[4.790783] (robot_msgs) StdoutLine: {'line': b"Compiling '/home/g83r/Desktop/uga/hero-lab/heroswarmv2/ROS2/humble_ws/install/robot_msgs/local/lib/python3.10/dist-packages/robot_msgs/msg/_environment.py'...\n"}
[4.790807] (robot_msgs) StdoutLine: {'line': b"Compiling '/home/g83r/Desktop/uga/hero-lab/heroswarmv2/ROS2/humble_ws/install/robot_msgs/local/lib/python3.10/dist-packages/robot_msgs/msg/_light.py'...\n"}
[4.790833] (robot_msgs) StdoutLine: {'line': b"Compiling '/home/g83r/Desktop/uga/hero-lab/heroswarmv2/ROS2/humble_ws/install/robot_msgs/local/lib/python3.10/dist-packages/robot_msgs/msg/_robot_pos.py'...\n"}
[4.790864] (robot_msgs) StdoutLine: {'line': b"Compiling '/home/g83r/Desktop/uga/hero-lab/heroswarmv2/ROS2/humble_ws/install/robot_msgs/local/lib/python3.10/dist-packages/robot_msgs/msg/_sensor_enable.py'...\n"}
[4.790889] (robot_msgs) StdoutLine: {'line': b"Compiling '/home/g83r/Desktop/uga/hero-lab/heroswarmv2/ROS2/humble_ws/install/robot_msgs/local/lib/python3.10/dist-packages/robot_msgs/msg/_string_list.py'...\n"}
[4.790923] (robot_msgs) StdoutLine: {'line': b"Listing '/home/g83r/Desktop/uga/hero-lab/heroswarmv2/ROS2/humble_ws/install/robot_msgs/local/lib/python3.10/dist-packages/robot_msgs/srv'...\n"}
[4.790951] (robot_msgs) StdoutLine: {'line': b"Compiling '/home/g83r/Desktop/uga/hero-lab/heroswarmv2/ROS2/humble_ws/install/robot_msgs/local/lib/python3.10/dist-packages/robot_msgs/srv/__init__.py'...\n"}
[4.790976] (robot_msgs) StdoutLine: {'line': b"Compiling '/home/g83r/Desktop/uga/hero-lab/heroswarmv2/ROS2/humble_ws/install/robot_msgs/local/lib/python3.10/dist-packages/robot_msgs/srv/_get_charger.py'...\n"}
[4.791000] (robot_msgs) StdoutLine: {'line': b"Compiling '/home/g83r/Desktop/uga/hero-lab/heroswarmv2/ROS2/humble_ws/install/robot_msgs/local/lib/python3.10/dist-packages/robot_msgs/srv/_release_charger.py'...\n"}
[4.793467] (robot_msgs) StdoutLine: {'line': b'-- Installing: /home/g83r/Desktop/uga/hero-lab/heroswarmv2/ROS2/humble_ws/install/robot_msgs/local/lib/python3.10/dist-packages/robot_msgs/robot_msgs_s__rosidl_typesupport_fastrtps_c.cpython-310-x86_64-linux-gnu.so\n'}
[4.793674] (robot_msgs) StdoutLine: {'line': b'-- Set runtime path of "/home/g83r/Desktop/uga/hero-lab/heroswarmv2/ROS2/humble_ws/install/robot_msgs/local/lib/python3.10/dist-packages/robot_msgs/robot_msgs_s__rosidl_typesupport_fastrtps_c.cpython-310-x86_64-linux-gnu.so" to ""\n'}
[4.793718] (robot_msgs) StdoutLine: {'line': b'-- Installing: /home/g83r/Desktop/uga/hero-lab/heroswarmv2/ROS2/humble_ws/install/robot_msgs/local/lib/python3.10/dist-packages/robot_msgs/robot_msgs_s__rosidl_typesupport_introspection_c.cpython-310-x86_64-linux-gnu.so\n'}
[4.793782] (robot_msgs) StdoutLine: {'line': b'-- Set runtime path of "/home/g83r/Desktop/uga/hero-lab/heroswarmv2/ROS2/humble_ws/install/robot_msgs/local/lib/python3.10/dist-packages/robot_msgs/robot_msgs_s__rosidl_typesupport_introspection_c.cpython-310-x86_64-linux-gnu.so" to ""\n'}
[4.793835] (robot_msgs) StdoutLine: {'line': b'-- Installing: /home/g83r/Desktop/uga/hero-lab/heroswarmv2/ROS2/humble_ws/install/robot_msgs/local/lib/python3.10/dist-packages/robot_msgs/robot_msgs_s__rosidl_typesupport_c.cpython-310-x86_64-linux-gnu.so\n'}
[4.793883] (robot_msgs) StdoutLine: {'line': b'-- Set runtime path of "/home/g83r/Desktop/uga/hero-lab/heroswarmv2/ROS2/humble_ws/install/robot_msgs/local/lib/python3.10/dist-packages/robot_msgs/robot_msgs_s__rosidl_typesupport_c.cpython-310-x86_64-linux-gnu.so" to ""\n'}
[4.793915] (robot_msgs) StdoutLine: {'line': b'-- Installing: /home/g83r/Desktop/uga/hero-lab/heroswarmv2/ROS2/humble_ws/install/robot_msgs/lib/librobot_msgs__rosidl_generator_py.so\n'}
[4.794129] (robot_msgs) StdoutLine: {'line': b'-- Set runtime path of "/home/g83r/Desktop/uga/hero-lab/heroswarmv2/ROS2/humble_ws/install/robot_msgs/lib/librobot_msgs__rosidl_generator_py.so" to ""\n'}
[4.794160] (robot_msgs) StdoutLine: {'line': b'-- Installing: /home/g83r/Desktop/uga/hero-lab/heroswarmv2/ROS2/humble_ws/install/robot_msgs/share/robot_msgs/msg/Environment.idl\n'}
[4.794216] (robot_msgs) StdoutLine: {'line': b'-- Installing: /home/g83r/Desktop/uga/hero-lab/heroswarmv2/ROS2/humble_ws/install/robot_msgs/share/robot_msgs/msg/RobotPos.idl\n'}
[4.794293] (robot_msgs) StdoutLine: {'line': b'-- Installing: /home/g83r/Desktop/uga/hero-lab/heroswarmv2/ROS2/humble_ws/install/robot_msgs/share/robot_msgs/msg/Light.idl\n'}
[4.794335] (robot_msgs) StdoutLine: {'line': b'-- Installing: /home/g83r/Desktop/uga/hero-lab/heroswarmv2/ROS2/humble_ws/install/robot_msgs/share/robot_msgs/msg/StringList.idl\n'}
[4.794376] (robot_msgs) StdoutLine: {'line': b'-- Installing: /home/g83r/Desktop/uga/hero-lab/heroswarmv2/ROS2/humble_ws/install/robot_msgs/share/robot_msgs/msg/SensorEnable.idl\n'}
[4.794414] (robot_msgs) StdoutLine: {'line': b'-- Installing: /home/g83r/Desktop/uga/hero-lab/heroswarmv2/ROS2/humble_ws/install/robot_msgs/share/robot_msgs/msg/DistanceSensor.idl\n'}
[4.794467] (robot_msgs) StdoutLine: {'line': b'-- Installing: /home/g83r/Desktop/uga/hero-lab/heroswarmv2/ROS2/humble_ws/install/robot_msgs/share/robot_msgs/msg/BatteryStatus.idl\n'}
[4.794527] (robot_msgs) StdoutLine: {'line': b'-- Installing: /home/g83r/Desktop/uga/hero-lab/heroswarmv2/ROS2/humble_ws/install/robot_msgs/share/robot_msgs/msg/DockEnable.idl\n'}
[4.794604] (robot_msgs) StdoutLine: {'line': b'-- Installing: /home/g83r/Desktop/uga/hero-lab/heroswarmv2/ROS2/humble_ws/install/robot_msgs/share/robot_msgs/srv/GetCharger.idl\n'}
[4.794663] (robot_msgs) StdoutLine: {'line': b'-- Installing: /home/g83r/Desktop/uga/hero-lab/heroswarmv2/ROS2/humble_ws/install/robot_msgs/share/robot_msgs/srv/ReleaseCharger.idl\n'}
[4.794715] (robot_msgs) StdoutLine: {'line': b'-- Installing: /home/g83r/Desktop/uga/hero-lab/heroswarmv2/ROS2/humble_ws/install/robot_msgs/share/robot_msgs/msg/Environment.msg\n'}
[4.794778] (robot_msgs) StdoutLine: {'line': b'-- Installing: /home/g83r/Desktop/uga/hero-lab/heroswarmv2/ROS2/humble_ws/install/robot_msgs/share/robot_msgs/msg/RobotPos.msg\n'}
[4.794835] (robot_msgs) StdoutLine: {'line': b'-- Installing: /home/g83r/Desktop/uga/hero-lab/heroswarmv2/ROS2/humble_ws/install/robot_msgs/share/robot_msgs/msg/Light.msg\n'}
[4.794895] (robot_msgs) StdoutLine: {'line': b'-- Installing: /home/g83r/Desktop/uga/hero-lab/heroswarmv2/ROS2/humble_ws/install/robot_msgs/share/robot_msgs/msg/StringList.msg\n'}
[4.794954] (robot_msgs) StdoutLine: {'line': b'-- Installing: /home/g83r/Desktop/uga/hero-lab/heroswarmv2/ROS2/humble_ws/install/robot_msgs/share/robot_msgs/msg/SensorEnable.msg\n'}
[4.795016] (robot_msgs) StdoutLine: {'line': b'-- Installing: /home/g83r/Desktop/uga/hero-lab/heroswarmv2/ROS2/humble_ws/install/robot_msgs/share/robot_msgs/msg/DistanceSensor.msg\n'}
[4.795078] (robot_msgs) StdoutLine: {'line': b'-- Installing: /home/g83r/Desktop/uga/hero-lab/heroswarmv2/ROS2/humble_ws/install/robot_msgs/share/robot_msgs/msg/BatteryStatus.msg\n'}
[4.795135] (robot_msgs) StdoutLine: {'line': b'-- Installing: /home/g83r/Desktop/uga/hero-lab/heroswarmv2/ROS2/humble_ws/install/robot_msgs/share/robot_msgs/msg/DockEnable.msg\n'}
[4.795189] (robot_msgs) StdoutLine: {'line': b'-- Installing: /home/g83r/Desktop/uga/hero-lab/heroswarmv2/ROS2/humble_ws/install/robot_msgs/share/robot_msgs/srv/GetCharger.srv\n'}
[4.795250] (robot_msgs) StdoutLine: {'line': b'-- Installing: /home/g83r/Desktop/uga/hero-lab/heroswarmv2/ROS2/humble_ws/install/robot_msgs/share/robot_msgs/srv/GetCharger_Request.msg\n'}
[4.795309] (robot_msgs) StdoutLine: {'line': b'-- Installing: /home/g83r/Desktop/uga/hero-lab/heroswarmv2/ROS2/humble_ws/install/robot_msgs/share/robot_msgs/srv/GetCharger_Response.msg\n'}
[4.795370] (robot_msgs) StdoutLine: {'line': b'-- Installing: /home/g83r/Desktop/uga/hero-lab/heroswarmv2/ROS2/humble_ws/install/robot_msgs/share/robot_msgs/srv/ReleaseCharger.srv\n'}
[4.795424] (robot_msgs) StdoutLine: {'line': b'-- Installing: /home/g83r/Desktop/uga/hero-lab/heroswarmv2/ROS2/humble_ws/install/robot_msgs/share/robot_msgs/srv/ReleaseCharger_Request.msg\n'}
[4.795485] (robot_msgs) StdoutLine: {'line': b'-- Installing: /home/g83r/Desktop/uga/hero-lab/heroswarmv2/ROS2/humble_ws/install/robot_msgs/share/robot_msgs/srv/ReleaseCharger_Response.msg\n'}
[4.795575] (robot_msgs) StdoutLine: {'line': b'-- Installing: /home/g83r/Desktop/uga/hero-lab/heroswarmv2/ROS2/humble_ws/install/robot_msgs/share/ament_index/resource_index/package_run_dependencies/robot_msgs\n'}
[4.795659] (robot_msgs) StdoutLine: {'line': b'-- Installing: /home/g83r/Desktop/uga/hero-lab/heroswarmv2/ROS2/humble_ws/install/robot_msgs/share/ament_index/resource_index/parent_prefix_path/robot_msgs\n'}
[4.795722] (robot_msgs) StdoutLine: {'line': b'-- Installing: /home/g83r/Desktop/uga/hero-lab/heroswarmv2/ROS2/humble_ws/install/robot_msgs/share/robot_msgs/environment/ament_prefix_path.sh\n'}
[4.795782] (robot_msgs) StdoutLine: {'line': b'-- Installing: /home/g83r/Desktop/uga/hero-lab/heroswarmv2/ROS2/humble_ws/install/robot_msgs/share/robot_msgs/environment/ament_prefix_path.dsv\n'}
[4.795838] (robot_msgs) StdoutLine: {'line': b'-- Installing: /home/g83r/Desktop/uga/hero-lab/heroswarmv2/ROS2/humble_ws/install/robot_msgs/share/robot_msgs/environment/path.sh\n'}
[4.795900] (robot_msgs) StdoutLine: {'line': b'-- Installing: /home/g83r/Desktop/uga/hero-lab/heroswarmv2/ROS2/humble_ws/install/robot_msgs/share/robot_msgs/environment/path.dsv\n'}
[4.795961] (robot_msgs) StdoutLine: {'line': b'-- Installing: /home/g83r/Desktop/uga/hero-lab/heroswarmv2/ROS2/humble_ws/install/robot_msgs/share/robot_msgs/local_setup.bash\n'}
[4.796022] (robot_msgs) StdoutLine: {'line': b'-- Installing: /home/g83r/Desktop/uga/hero-lab/heroswarmv2/ROS2/humble_ws/install/robot_msgs/share/robot_msgs/local_setup.sh\n'}
[4.796084] (robot_msgs) StdoutLine: {'line': b'-- Installing: /home/g83r/Desktop/uga/hero-lab/heroswarmv2/ROS2/humble_ws/install/robot_msgs/share/robot_msgs/local_setup.zsh\n'}
[4.796141] (robot_msgs) StdoutLine: {'line': b'-- Installing: /home/g83r/Desktop/uga/hero-lab/heroswarmv2/ROS2/humble_ws/install/robot_msgs/share/robot_msgs/local_setup.dsv\n'}
[4.796195] (robot_msgs) StdoutLine: {'line': b'-- Installing: /home/g83r/Desktop/uga/hero-lab/heroswarmv2/ROS2/humble_ws/install/robot_msgs/share/robot_msgs/package.dsv\n'}
[4.796278] (robot_msgs) StdoutLine: {'line': b'-- Installing: /home/g83r/Desktop/uga/hero-lab/heroswarmv2/ROS2/humble_ws/install/robot_msgs/share/ament_index/resource_index/packages/robot_msgs\n'}
[4.796364] (robot_msgs) StdoutLine: {'line': b'-- Installing: /home/g83r/Desktop/uga/hero-lab/heroswarmv2/ROS2/humble_ws/install/robot_msgs/share/robot_msgs/cmake/export_robot_msgs__rosidl_generator_cExport.cmake\n'}
[4.796437] (robot_msgs) StdoutLine: {'line': b'-- Installing: /home/g83r/Desktop/uga/hero-lab/heroswarmv2/ROS2/humble_ws/install/robot_msgs/share/robot_msgs/cmake/export_robot_msgs__rosidl_generator_cExport-noconfig.cmake\n'}
[4.796504] (robot_msgs) StdoutLine: {'line': b'-- Installing: /home/g83r/Desktop/uga/hero-lab/heroswarmv2/ROS2/humble_ws/install/robot_msgs/share/robot_msgs/cmake/export_robot_msgs__rosidl_typesupport_fastrtps_cExport.cmake\n'}
[4.796571] (robot_msgs) StdoutLine: {'line': b'-- Installing: /home/g83r/Desktop/uga/hero-lab/heroswarmv2/ROS2/humble_ws/install/robot_msgs/share/robot_msgs/cmake/export_robot_msgs__rosidl_typesupport_fastrtps_cExport-noconfig.cmake\n'}
[4.796637] (robot_msgs) StdoutLine: {'line': b'-- Installing: /home/g83r/Desktop/uga/hero-lab/heroswarmv2/ROS2/humble_ws/install/robot_msgs/share/robot_msgs/cmake/export_robot_msgs__rosidl_generator_cppExport.cmake\n'}
[4.796708] (robot_msgs) StdoutLine: {'line': b'-- Installing: /home/g83r/Desktop/uga/hero-lab/heroswarmv2/ROS2/humble_ws/install/robot_msgs/share/robot_msgs/cmake/export_robot_msgs__rosidl_typesupport_fastrtps_cppExport.cmake\n'}
[4.796770] (robot_msgs) StdoutLine: {'line': b'-- Installing: /home/g83r/Desktop/uga/hero-lab/heroswarmv2/ROS2/humble_ws/install/robot_msgs/share/robot_msgs/cmake/export_robot_msgs__rosidl_typesupport_fastrtps_cppExport-noconfig.cmake\n'}
[4.796839] (robot_msgs) StdoutLine: {'line': b'-- Installing: /home/g83r/Desktop/uga/hero-lab/heroswarmv2/ROS2/humble_ws/install/robot_msgs/share/robot_msgs/cmake/robot_msgs__rosidl_typesupport_introspection_cExport.cmake\n'}
[4.796898] (robot_msgs) StdoutLine: {'line': b'-- Installing: /home/g83r/Desktop/uga/hero-lab/heroswarmv2/ROS2/humble_ws/install/robot_msgs/share/robot_msgs/cmake/robot_msgs__rosidl_typesupport_introspection_cExport-noconfig.cmake\n'}
[4.796970] (robot_msgs) StdoutLine: {'line': b'-- Installing: /home/g83r/Desktop/uga/hero-lab/heroswarmv2/ROS2/humble_ws/install/robot_msgs/share/robot_msgs/cmake/robot_msgs__rosidl_typesupport_cExport.cmake\n'}
[4.797034] (robot_msgs) StdoutLine: {'line': b'-- Installing: /home/g83r/Desktop/uga/hero-lab/heroswarmv2/ROS2/humble_ws/install/robot_msgs/share/robot_msgs/cmake/robot_msgs__rosidl_typesupport_cExport-noconfig.cmake\n'}
[4.797104] (robot_msgs) StdoutLine: {'line': b'-- Installing: /home/g83r/Desktop/uga/hero-lab/heroswarmv2/ROS2/humble_ws/install/robot_msgs/share/robot_msgs/cmake/robot_msgs__rosidl_typesupport_introspection_cppExport.cmake\n'}
[4.797163] (robot_msgs) StdoutLine: {'line': b'-- Installing: /home/g83r/Desktop/uga/hero-lab/heroswarmv2/ROS2/humble_ws/install/robot_msgs/share/robot_msgs/cmake/robot_msgs__rosidl_typesupport_introspection_cppExport-noconfig.cmake\n'}
[4.797232] (robot_msgs) StdoutLine: {'line': b'-- Installing: /home/g83r/Desktop/uga/hero-lab/heroswarmv2/ROS2/humble_ws/install/robot_msgs/share/robot_msgs/cmake/robot_msgs__rosidl_typesupport_cppExport.cmake\n'}
[4.797299] (robot_msgs) StdoutLine: {'line': b'-- Installing: /home/g83r/Desktop/uga/hero-lab/heroswarmv2/ROS2/humble_ws/install/robot_msgs/share/robot_msgs/cmake/robot_msgs__rosidl_typesupport_cppExport-noconfig.cmake\n'}
[4.797369] (robot_msgs) StdoutLine: {'line': b'-- Installing: /home/g83r/Desktop/uga/hero-lab/heroswarmv2/ROS2/humble_ws/install/robot_msgs/share/robot_msgs/cmake/export_robot_msgs__rosidl_generator_pyExport.cmake\n'}
[4.797428] (robot_msgs) StdoutLine: {'line': b'-- Installing: /home/g83r/Desktop/uga/hero-lab/heroswarmv2/ROS2/humble_ws/install/robot_msgs/share/robot_msgs/cmake/export_robot_msgs__rosidl_generator_pyExport-noconfig.cmake\n'}
[4.797491] (robot_msgs) StdoutLine: {'line': b'-- Installing: /home/g83r/Desktop/uga/hero-lab/heroswarmv2/ROS2/humble_ws/install/robot_msgs/share/robot_msgs/cmake/rosidl_cmake-extras.cmake\n'}
[4.797552] (robot_msgs) StdoutLine: {'line': b'-- Installing: /home/g83r/Desktop/uga/hero-lab/heroswarmv2/ROS2/humble_ws/install/robot_msgs/share/robot_msgs/cmake/ament_cmake_export_dependencies-extras.cmake\n'}
[4.797618] (robot_msgs) StdoutLine: {'line': b'-- Installing: /home/g83r/Desktop/uga/hero-lab/heroswarmv2/ROS2/humble_ws/install/robot_msgs/share/robot_msgs/cmake/ament_cmake_export_include_directories-extras.cmake\n'}
[4.797677] (robot_msgs) StdoutLine: {'line': b'-- Installing: /home/g83r/Desktop/uga/hero-lab/heroswarmv2/ROS2/humble_ws/install/robot_msgs/share/robot_msgs/cmake/ament_cmake_export_libraries-extras.cmake\n'}
[4.797740] (robot_msgs) StdoutLine: {'line': b'-- Installing: /home/g83r/Desktop/uga/hero-lab/heroswarmv2/ROS2/humble_ws/install/robot_msgs/share/robot_msgs/cmake/ament_cmake_export_targets-extras.cmake\n'}
[4.797800] (robot_msgs) StdoutLine: {'line': b'-- Installing: /home/g83r/Desktop/uga/hero-lab/heroswarmv2/ROS2/humble_ws/install/robot_msgs/share/robot_msgs/cmake/rosidl_cmake_export_typesupport_targets-extras.cmake\n'}
[4.797863] (robot_msgs) StdoutLine: {'line': b'-- Installing: /home/g83r/Desktop/uga/hero-lab/heroswarmv2/ROS2/humble_ws/install/robot_msgs/share/robot_msgs/cmake/rosidl_cmake_export_typesupport_libraries-extras.cmake\n'}
[4.797924] (robot_msgs) StdoutLine: {'line': b'-- Installing: /home/g83r/Desktop/uga/hero-lab/heroswarmv2/ROS2/humble_ws/install/robot_msgs/share/robot_msgs/cmake/robot_msgsConfig.cmake\n'}
[4.797968] (robot_msgs) StdoutLine: {'line': b'-- Installing: /home/g83r/Desktop/uga/hero-lab/heroswarmv2/ROS2/humble_ws/install/robot_msgs/share/robot_msgs/cmake/robot_msgsConfig-version.cmake\n'}
[4.798036] (robot_msgs) StdoutLine: {'line': b'-- Installing: /home/g83r/Desktop/uga/hero-lab/heroswarmv2/ROS2/humble_ws/install/robot_msgs/share/robot_msgs/package.xml\n'}
[4.799480] (robot_msgs) CommandEnded: {'returncode': 0}
[4.808303] (robot_msgs) JobEnded: {'identifier': 'robot_msgs', 'rc': 0}
[4.808618] (-) EventReactorShutdown: {}
